Topic Word,AE,ACM
Algorithm,27,4044
Computer_science,8,3392
Copyright,8,1807
Operating_system,13,1721
SIGGRAPH,10,1611
Data_structure,3,1588
E-mail,64,942
Central_processing_unit,1,1431
Facebook,37,1108
Scalability,7,1235
Pixel,34,963
1988,2,1210
Computer,20,942
Massachusetts_Institute_of_Technology,13,987
Professor,2,1063
Web_service,1,1042
Distributed_computing,3,1022
User_interface,10,956
Hard_copy,6,975
Transmission_Control_Protocol,1,954
Data_mining,1,890
Mobile_phone,55,415
Data_center,2,855
1987,8,800
2017,15,738
Virtual_reality,50,427
Microphone,89,85
Source_code,19,678
Parallel_computing,1,805
Springer_Science+Business_Media,1,788
Website,18,625
XML,2,759
Application_programming_interface,1,761
Database,1,747
Electronic_commerce,4,716
Laptop,40,386
World_Wide_Web,37,406
1990,2,693
Information_systems,1,699
Blog,41,355
"Cambridge,_Massachusetts",3,673
File_system,1,683
Human_factors,2,669
Dissertation,5,640
OpenGL,1,666
Workstation,26,454
Microsoft,7,613
Probability,1,640
Shader,9,571
Runtime,2,607
Local_area_network,6,568
Password,2,600
Case_study,3,570
Twitter,31,331
Carnegie_Mellon_University,7,534
Artificial_intelligence,15,464
Web_search_engine,19,424
IBM,6,534
2019,4,539
Semantics,3,546
Information_technology,10,484
Subset,1,545
Byte,2,530
System_administrator,2,517
HTML,16,387
Uniform_Resource_Locator,15,392
Multimedia,29,272
Short_subject,60,4
1991,4,476
Automation,6,454
Data_warehouse,1,496
Workflow,3,479
Haptic_technology,16,363
Voxel,5,453
Pixar,45,113
Graphical_user_interface,11,397
Adobe_Photoshop,49,74
3D_computer_graphics,45,103
Parsing,3,458
Usability,2,463
Human-computer_interaction,5,433
Privacy,10,388
Packet_(information_technology),2,452
Ethernet,6,418
Curriculum,3,438
Social_media,31,198
Wireless_sensor_network,5,416
Machine_learning,1,444
Metadata,3,421
Web_browser,12,344
1997,19,282
Internet_service_provider,6,390
JavaScript,8,368
Hypertext_Transfer_Protocol,1,423
Head-mounted_display,6,376
2016,6,374
Hypertext,18,265
Random_access_memory,4,383
Somatosensory_system,14,297
Google,5,372
Use_case,1,404
Computer_animation,39,81
Smartphone,17,265
Web_page,13,296
Ars_Electronica,46,15
YouTube,29,156
Hard_disk_drive,15,271
Fortran,1,385
1994,6,338
Virtual_community,29,141
Motion_capture,36,79
Virtual_machine,3,358
Integrated_development_environment,7,324
Cloud_computing,1,374
Equation,1,373
User_experience_design,3,353
User_interface_design,2,359
Unix,2,358
Ion,2,358
Warehouse,3,349
Web_server,8,306
Training_set,3,337
Application_software,12,260
Rectangle,3,336
C_(programming_language),2,344
Spreadsheet,1,352
Light-emitting_diode,35,63
Computer_vision,9,283
Programming_language,2,342
Interdisciplinarity,22,170
Aesthetics,38,33
VAX,2,334
Wikipedia,33,70
Timbre,41,2
1996,6,298
Web_application,5,301
Knowledge_base,5,297
"Silicon_Graphics,_Inc.",29,91
Computer_software,8,268
Heterogeneous,2,314
Expert_system,2,306
Linux,10,236
Metaphor,22,131
Fax,19,150
Photorealism,31,48
Deadlock,2,290
Questionnaire,3,280
Inventory,2,286
Stop_motion,35,6
Loudspeaker,35,4
Digital_library,3,273
Video_projector,33,18
Global_Positioning_System,20,128
Syntax,2,278
Ethnography,1,286
Interoperability,2,277
System,3,265
Intel_Corporation,2,271
Telecommunication,9,211
Dimension,6,236
Storyboard,31,21
Analogy,10,198
Musical_Instrument_Digital_Interface,31,18
New_media_art,32,8
Multi-user,10,194
PostgreSQL,1,267
Visual_display_unit,23,80
2013,2,256
National_Science_Foundation,5,226
Interactivity,22,81
Cognitive_science,3,241
Self-organization,26,45
Human,27,36
Live_action,30,10
Knowledge_Management,2,246
Texture_mapping,8,195
Internet_forum,20,93
Transport_Layer_Security,1,254
Virtual_world,19,101
Voice_over_Internet_Protocol,9,184
Stereoscopy,16,122
Choreography,29,11
Fractal,16,121
Non-governmental_organization,30,2
Ubiquitous_computing,1,247
Traditional_animation,26,35
Geographic_information_system,1,245
Lisp_(programming_language),5,210
Supercomputer,9,174
1998,8,182
Public_space,28,12
Usenet,7,189
Semantic_Web,3,221
Multicast,1,237
Digital_audio,25,32
Web_development,4,208
Three-dimensional_space,24,38
Front-end_and_back-end,2,223
Visual_effects,27,11
Plug-in_(computing),7,180
Softimage,28,1
Encryption,3,212
GNU_General_Public_License,11,144
Open_source_software,19,76
Systems_theory,1,228
Information_security,1,228
Workshop,17,91
Social_sciences,3,209
Radio-frequency_identification,5,191
Sake,8,163
Research_and_development,5,187
1993,2,212
Digital_Domain,26,8
Ecosystem,18,75
Problem_solving,1,219
Image_processing,16,91
File_Transfer_Protocol,5,184
Trade-off,1,217
August_9,1,217
1986,4,191
1985,4,190
Computer_art,26,3
Credit_card,2,206
Personal_digital_assistant,2,205
Organism,21,42
Sun_Microsystems,3,194
NASA,4,185
Trajectory,12,117
Markov_chain,2,201
Confidentiality,2,201
Paradigm,5,174
Voronoi_diagram,2,198
Speech_recognition,4,181
Proprietary_software,16,79
Decision_support_system,1,206
Hypermedia,7,155
Augmented_reality,7,155
Surveillance,17,70
Multi-core,1,205
Adobe_Flash,24,9
Artificial_life,20,40
Computer_music,21,29
Microorganism,23,12
Uploading_and_downloading,15,79
Piano,24,2
Computer-generated_imagery,21,27
Interaction_design,3,178
Particle_system,14,84
Telematics,22,16
Mass_media,18,49
World_Wide_Web_Consortium,3,176
Computer_simulation,11,108
Toy_Story,23,6
Decision_making,2,183
Melody,23,4
Virtual_camera,20,29
Headphones,22,12
GNU,15,71
Emotion,12,94
Wiki,18,43
New_media,19,34
Actuator,6,144
Tor,1,185
Symbiosis,19,32
Hertz,6,141
Library_(computing),3,166
Modem,7,132
Creativity,11,98
CD-ROM,15,64
Social_network,5,148
Peer-to-peer,7,131
Sensor,5,147
Integrated_circuit,7,129
Telecommunications_network,7,128
Web_design,11,94
Mobile_device,4,153
Best_practice,1,177
X86_architecture,1,176
Quantum_computer,1,176
Empathy,17,40
Client-server,1,175
Megabyte,5,141
Wheelchair,19,22
Character_animation,18,30
Embedded_system,1,174
Input_device,4,148
Interactive_art,21,3
Refraction,12,79
CUDA,1,172
Cognition,2,163
Polygon,2,163
Accountability,8,111
Subscription_business_model,1,170
Neuron,9,102
3D_printing,18,25
Perl,11,83
IP_address,2,158
Data_parallelism,2,157
Parallax,10,89
Computer_networking,1,165
Data_analysis,1,164
Rendering_(computer_graphics),3,147
Trigonometric_functions,3,147
Cursor_(computers),6,121
Advertising,10,87
Mathematics,1,162
IEEE_802.11,1,162
Transaction_cost,1,161
Convolution,3,144
Mental_model,2,152
Feedback,5,126
National_Security_Agency,5,126
1995_in_music,6,117
Soundscape,19,5
Non-profit_organization,14,47
Civil_society,19,4
Usenet_newsgroup,6,114
Linguistics,1,156
Firmware,1,156
Assembly_language,1,155
Analytics,1,155
Discourse,13,53
Information_Age,12,60
Free_software,14,43
Capitalism,17,17
Information_processing,4,127
Neural_network,4,127
Code_refactoring,1,152
Business_model,2,143
Social_network_service,4,126
Disability,10,75
Trademark,2,142
"San_Francisco,_California",2,142
Computer_network,4,125
Ant,14,40
Real-time_computing,4,124
Intellectual_property,3,132
Videoconferencing,5,115
Key_frame,9,81
Harmony,18,4
Machine_code,1,148
Open_source,10,71
Ergonomics,7,96
If_and_only_if,2,138
Open_Data,8,87
Synthesizer,17,10
Percussion_instrument,17,10
Wireless_ad_hoc_network,2,137
Kinematics,3,128
Amplitude,9,77
Gateway_(telecommunications),1,144
RGB_color_model,5,110
Technical_support,2,135
Random_variable,2,134
Biology,6,99
Event-driven_programming,1,141
Tutorial,3,124
Graffiti,17,5
Wireless_Application_Protocol,3,123
Histogram,2,131
National_Institute_of_Standards_and_Technology,1,139
Flickr,6,96
Genetic_algorithm,8,79
Animation,14,28
Cluster_analysis,1,138
Mathematical_model,2,129
Microcontroller,12,44
Lag,5,103
Dissipation,2,128
Computer_graphics,8,77
Touchscreen,8,77
Sound_recording_and_reproduction,16,9
Wikimedia_Foundation,16,9
Microprocessor,3,119
Literacy,9,68
Millisecond,2,127
ACM_SIGGRAPH,1,135
Phonograph,16,7
Smart_card,1,133
Permutation,3,116
Musical_composition,16,5
Digitizing,10,54
Numerical_analysis,1,130
Abstraction_(computer_science),1,130
Personalization,1,130
Princeton_University,1,130
Computer_programming,5,96
Command_line_interface,5,96
Kitchen,13,28
Holography,14,19
Intelligent_agent,2,120
32-bit,4,103
Macromedia,14,18
Retailing,1,128
Projection_screen,15,9
Data_set,2,117
Bacteria,14,15
Framebuffer,1,125
Turing_machine,2,116
Application_domain,1,124
Reasoning,1,124
ASCII,5,90
Electronics,13,22
Pedagogy,4,98
Biotechnology,14,13
Recommender_system,1,123
User_(computing),4,97
PHP,6,80
Interpolation,1,122
Pentium,3,105
Music_video,15,3
Server_(computing),2,113
Playground,14,11
MySQL,3,104
Ron_Rivest,2,112
Symbolics,10,44
Pattern_recognition,3,103
Webcam,13,18
Decentralization,4,94
Data_processing,4,94
Plotter,14,9
Random_number_generation,3,102
Auction,3,101
Scripting_language,2,109
Creative_Commons,14,7
Web_2.0,9,49
Microsoft_Windows,2,108
Fog,4,91
Entrepreneur,11,31
Fine_art,14,5
Real_number,1,115
Opacity_(optics),1,114
Marketing,1,114
Apple_Inc.,3,97
Bluetooth,7,63
Closed-circuit_television,13,12
Data_stream,4,88
Paint,10,37
Collage,14,3
Lego,13,11
VRML,13,11
Hyperlink,4,87
Downtime,1,112
LinkedIn,1,112
Acceleration,5,78
Typography,9,44
Metabolism,12,18
Adobe_After_Effects,14,1
Diagnosis,1,111
Instant_messaging_&_messengers,3,94
Globalization,9,43
Binary_tree,2,102
Internet_of_Things,2,102
Connection_Machine,8,51
Standardization,1,110
GSM,5,76
Post-production,12,16
The_New_York_Times,1,109
Robotics,3,92
Reverse_engineering,5,75
Photography,12,15
MIPS_architecture,1,108
Electronic_money,3,91
Randomness,5,74
Game_engine,9,40
Reaction–diffusion_system,8,48
Breathing,13,5
Mozilla_Firefox,2,98
Bibliography,1,106
Control_system,5,72
Site_map,13,4
Chemical_synapse,2,97
Lewis_Hubert_(Harold_Bell)_Lasseter,12,12
Causality,1,105
Marionette,13,3
Chroma_key,13,3
Network_topology,2,96
Graphic_design,8,45
Wi-Fi,10,28
Text_editor,2,95
EBay,2,95
Facial_expression,6,61
Human_brain,8,44
Streaming_media,8,44
Encyclopedia,10,27
Piezoelectricity,12,10
Shading,1,103
Computer-aided_design,1,103
Telephone,5,69
Internet_art,13,1
Digital_image,8,43
Macintosh,10,26
Pager,3,85
Information_access,5,68
Hewlett-Packard_Company,2,93
Anonymity,4,76
Alan_Turing,6,59
Undergraduate_education,1,101
Norm_(sociology),1,101
Scientific_visualization,2,92
Complex_system,6,58
E-mail_address,6,58
Linus_Torvalds,6,58
Software_design,1,100
Strategic_management,1,99
Computer_engineering,1,99
2018,1,99
Telephone_number,3,82
Digital_electronics,5,65
Animator,11,14
Transistor,2,90
Silicon_Valley,2,90
Watercolor_painting,12,5
Telephone_tapping,3,81
Printed_circuit_board,9,30
Google_Earth,10,21
Methodology,1,97
E-Government,1,97
The_Wall_Street_Journal,3,80
Social_change,11,12
Luxo_Jr.,2,88
SCSI,2,88
Slovenia,4,71
Contour_line,1,96
Rigid_body,1,95
Hash_function,1,95
Academic_term,5,61
Diameter,9,27
Canvas,11,10
Nightmare,8,35
Federal_Bureau_of_Investigation,8,35
Synesthesia,12,1
Bandwidth_(computing),1,94
Geometry,5,60
Loneliness,11,9
MIT_Media_Lab,6,51
Spacetime,6,51
Digital_signal,8,34
Viscosity,3,76
Modulation,7,42
Prediction_market,11,8
1983,2,84
Binary_numeral_system,1,92
Homework,4,66
Nonverbal_communication,6,49
Panopticon,6,49
California_Institute_of_Technology,1,91
Collaborative_filtering,3,74
Molecule,5,57
Self-reference,6,48
Clock_rate,1,90
CERN,9,22
Perception,2,81
File_sharing,6,47
Blueprint,6,47
Telepresence,8,30
Power_consumption,1,89
Dynamical_simulation,5,55
Digital_signal_processor,5,55
Screenshot,5,55
Human_rights,9,21
Digital_art,11,4
Surrealism,11,4
High_fidelity,2,80
Automated_teller_machine,1,88
Accelerometer,3,71
Punctuation,5,54
Amiga,11,3
Synchronization,2,79
Supply_chain,2,79
Brainstorming,4,62
Universal_Serial_Bus,6,45
Synthetic_biology,10,11
Transport_layer,1,87
Statistical_model,1,87
Internet_bookmark,1,87
Synergy,3,70
Eye,5,53
Portable_Document_Format,7,36
Anthropomorphism,8,27
Photosynthesis,10,10
Instinct,10,10
Terabyte,1,86
Interdependence,3,69
MiniDisc,11,1
Optics,4,60
Torso,7,34
Special_effect,10,8
Friction,5,50
Programmer,2,75
Microsoft_Visual_Studio,2,75
Morphing,6,41
Cartography,6,41
Puppet,10,7
Diagram,1,83
Information_overload,5,49
Free_Software_Foundation,7,32
Java_(programming_language),2,74
Astronaut,8,23
Mem,1,82
Cybernetics,5,48
Software_release_life_cycle,4,56
Vector_graphics,6,39
Petri_dish,8,22
Genetic_engineering,10,5
Microcode,1,81
Emulator,1,81
Advanced_Micro_Devices,1,81
Light_field,2,72
Natural_science,4,55
Framestore,6,38
Industrial_Light_&_Magic,10,4
Color_space,1,80
Science_education,1,80
Fever,1,80
Interest_group,3,63
Minicomputer,3,63
Warcraft_(series),3,63
Alpha_compositing,7,29
Filing_cabinet,8,20
Cascading_Style_Sheets,1,79
Visual_effects_supervisor,9,11
Proprioception,2,70
Video_game,4,53
Rare_earth_element,4,53
Pedestal,10,2
Cross-platform,1,78
Bachelor_of_Arts,1,78
Data_modeling,1,78
Electroencephalography,7,27
Irony,8,18
Virt,10,1
Visual_arts,10,1
Glacier,10,1
Wassily_Kandinsky,10,1
Emerging_technologies,1,77
Microsoft_PowerPoint,5,43
Visualization_(computer_graphics),2,68
Predictability,1,76
Facilitator,2,67
Intranet,2,67
3D_scanner,4,50
Leaf,6,33
Market_share,1,75
Denominator,3,58
Matte_(filmmaking),9,7
Linz,9,7
Digital_divide,9,7
Typewriter,6,32
Metonymy,1,74
Buffer_overflow,1,74
Inch,5,40
Finger_(gesture),5,40
Sound_design,9,6
Compositing,8,14
Art_director,8,14
Coprocessor,1,73
JPEG,3,56
Tessellation,7,22
Auditorium,9,5
Camcorder,9,5
Last.fm,9,5
Peer_review,2,64
High_tech,4,47
Cube,6,30
Electronic_mailing_list,6,30
Time-lapse,8,13
Velocity,1,72
Axiom,1,72
Chief_executive_officer,1,72
Internet_Control_Message_Protocol,1,72
Teamwork,3,55
Public_domain,5,38
Digital_signal_processing,7,21
Interactive_media,7,21
Consortium,2,63
Evolutionary_computation,2,63
Applied_mathematics,1,71
Temporal_logic,1,71
Bioinformatics,1,71
Free_software_community,5,37
Target_audience,7,20
Jorge_Luis_Borges,9,3
Human_condition,9,3
Acrylic_glass,9,3
Flashlight,9,3
Homage,9,3
Inertia,2,62
Academic_publishing,2,62
Internet_Protocol,2,62
Gameplay,2,62
Mutation,4,45
Cloud,6,28
Pencil,6,28
Laboratory,6,28
Autonomous_system_(Internet),1,70
MySpace,1,70
IPhone,3,53
Boktai_(series),9,2
Mental_ray,9,2
Personal_computer,2,61
Startup_company,2,61
Amsterdam,4,44
John_Lasseter,8,10
Bureaucracy,3,52
Neuroscience,3,52
Sketchbook,5,35
Earth's_magnetic_field,9,1
Orchestra,9,1
Biosphere,9,1
Documentary_film,9,1
Sculpture,4,43
Film,8,9
Grassroots,8,9
Iterative_design,1,68
Social_environment,1,68
Business_plan,1,68
Power_management,1,68
Cisco_IOS,1,68
Liquid_crystal_display,3,51
Quantum_mechanics,3,51
Inclination,5,34
Electronic_Frontier_Foundation,5,34
AIDS,7,17
Tide,7,17
Podcast,7,17
Momentum,4,42
Google_Maps,6,25
Human_voice,8,8
Combinatorics,1,67
Focus_group,1,67
Privacy_policy,1,67
Data_transmission,3,50
Self-similarity,3,50
Speech_synthesis,5,33
Mass_production,7,16
Human_resources,2,58
Fluid_dynamics,4,41
Slow_motion,8,7
Propagation_delay,1,66
Nonlinear_system,1,66
Concentric,5,32
Mixed_reality,5,32
Crowdsourcing,5,32
Vowel,7,15
Idiom,2,57
Phenotype,2,57
Genome,2,57
Gmail,2,57
Graphics_software,4,40
Socioeconomics,4,40
WAV,8,6
Free_and_open_source_software,8,6
Gigabyte,1,65
Genotype,1,65
Network_neutrality,1,65
Tissue_(biology),3,48
Computer_hardware,3,48
Videodisc,7,14
Body_language,7,14
Turing_test,2,56
Computing_platform,2,56
Carl_Jung,4,39
Wireless,4,39
DirectX,4,39
Event_(computing),1,64
Quantification,1,64
Intrusion,1,64
Medical_device,1,64
Frame_rate,5,30
Scrollbar,2,55
Electronic_media,4,38
Universal_property,8,4
Curve,1,63
Harvard_Business_Review,1,63
Transducer,3,46
MP3,3,46
Microscope,5,29
Common_sense,2,54
Text_file,4,37
Mouse_(computing),4,37
Journalism,4,37
Data_storage_device,6,20
Land_mine,8,3
Installation_art,8,3
Voicemail,1,62
Executable,1,62
Computer_industry,1,62
Information_graphics,3,45
Information_architecture,3,45
Information_warfare,3,45
Personal_space,7,11
Close-up,7,11
Special_Interest_Group,2,53
Internet_protocol_suite,4,36
Calculator,4,36
Tire,6,19
Wide-angle_lens,6,19
Infrared,6,19
LightWave_3D,8,2
Dinosaur,8,2
Screen-printing,8,2
Design_methods,1,61
Black_box,1,61
Qualia,3,44
Computer_literacy,3,44
Semiconductor,3,44
Hacktivism,3,44
Experiment,5,27
Spatial_memory,5,27
Sunset,7,10
Sound_effect,7,10
Emergence,2,52
Breadth-first_search,2,52
Gesture,2,52
Quadraphonic_sound,8,1
IRCAM,8,1
Open_source_hardware,8,1
Rubber_duck,8,1
Interface_(computer_science),1,60
Cellular_network,1,60
Predation,3,43
Atom,3,43
Data_visualization,3,43
Activism,7,9
Magnetic_resonance_imaging,1,59
System_requirements,1,59
Programming_style,1,59
"University_of_California,_San_Diego",1,59
Viral_marketing,1,59
World_view,5,25
Human_communication,5,25
Archetype,5,25
Stochastic_process,1,58
Psychology,1,58
Extrapolation,1,58
Cathode_ray_tube,3,41
Audio_feedback,7,7
Rain,7,7
Solar_energy,7,7
Polygon_mesh,2,49
Information_privacy,2,49
HyperCard,2,49
Time_management,2,49
Newsletter,6,15
Network_model,1,57
Word_processor,1,57
Proxy_server,1,57
AltaVista,1,57
Dementia,3,40
Joystick,5,23
Ethology,7,6
Stencil,7,6
Bauhaus,7,6
Nervous_system,6,14
Volume_rendering,1,56
Dial-up_internet_access,1,56
Video_game_industry,3,39
Supernode_(networking),3,39
USB_flash_drive,3,39
Angle,5,22
Types_of_gestures,5,22
Digital_photography,5,22
Fairy_tale,7,5
Petal,7,5
Hostname,2,47
Utterance,2,47
Eye_contact,2,47
Fortune_500,4,30
Nanotechnology,6,13
Signal_processing,1,55
Network_File_System_(protocol),1,55
Global_illumination,3,38
Nokia,3,38
Sine_wave,5,21
Stainless_steel,7,4
Kaleidoscope,7,4
Graz,7,4
Musical_instrument,7,4
Surround_sound,7,4
Rigour,2,46
Waveform,4,29
"SourceForge,_Inc.",6,12
System_programming,1,54
"Atlanta,_Georgia",1,54
Graduate_school,1,54
Sales,1,54
Antenna_(radio),3,37
Scientific_method,3,37
Cake,5,20
Wand,5,20
Algae,7,3
Adobe_Illustrator,7,3
Digital_processing,7,3
Michael_Tippett,7,3
AIBO,7,3
Theremin,7,3
Programming_tool,2,45
National_security,2,45
Information_society,6,11
Macroscopic,6,11
Tempo,6,11
Deconstruction,6,11
Electrode,6,11
Random_access,1,53
University_of_Washington,1,53
Idiosyncrasy,3,36
Digital_video,5,19
News_release,5,19
Short_message_service,5,19
Living_room,5,19
Mania,7,2
Ars_Electronica_Center,7,2
RoboCup,7,2
Counterpoint,7,2
Creative_Commons_licenses,7,2
Tick,2,44
Labour_economics,2,44
Servomechanism,6,10
Troubleshooting,1,52
RSS,1,52
Game_design,1,52
Europe,3,35
Year_2000_problem,3,35
Ecology,5,18
Developing_country,5,18
Electromagnetic_field,7,1
Jean_Baudrillard,7,1
Easel,7,1
Knockout,7,1
Psychoacoustics,7,1
Cinema_4D,7,1
Rotoscoping,7,1
Stochastic,2,43
High_frequency,2,43
Quaternion,2,43
Human_behavior,2,43
Online_banking,2,43
Microcomputer,4,26
Time_zone,4,26
Barcode,4,26
Community_building,6,9
Digital_media,6,9
Booting,1,51
Visual_system,1,51
Algorithmic_learning_theory,1,51
Regular_grid,2,42
Protein,2,42
1996_in_music,2,42
Street_light,4,25
Folksonomy,4,25
Storytelling,6,8
Textbook,1,50
"Austin,_Texas",1,50
Brightness,1,50
"San_Diego,_California",1,50
File_format,3,33
Eastman_Kodak,3,33
21st_century,3,33
Telegraphy,5,16
Ideology,5,16
Digital,5,16
Compact_Disc,5,16
Aarhus,4,24
Media_space,4,24
Stereophonic_sound,6,7
Couch,6,7
Total_order,1,49
Social_interaction,1,49
Dynamic_range,3,32
Evolutionary_algorithm,3,32
Internet_Relay_Chat,3,32
Desktop_publishing,5,15
Packaging_and_labelling,5,15
T-shirt,5,15
B-spline,2,40
Photocopier,2,40
Euclidean_space,4,23
Searchlight,6,6
Stick_figure,6,6
Composite_video,6,6
Documenta,6,6
Rein,1,48
1984,1,48
Parameter,1,48
Wavelength,1,48
Spatial_database,1,48
Virtual_private_network,1,48
System_integration,3,31
Interactive_fiction,3,31
Low-technology,5,14
Potato,5,14
Digital_camera,5,14
Molecular_biology,2,39
Gesture_recognition,2,39
New_South_Wales,2,39
Point_cloud,2,39
Flat_panel_display,4,22
Red's_Dream,6,5
Motion_simulator,6,5
Sound,6,5
Flower,6,5
Monologue,6,5
Satire,6,5
Performance_art,6,5
MIT_Computer_Science_and_Artificial_Intelligence_Laboratory,1,47
Capital_letter,1,47
Numerical_data,1,47
Pop-up_ad,1,47
Big_Bang,1,47
Micropayment,1,47
Counterfeit,3,30
Virtuality_(software_design),5,13
Sustainable_development,5,13
Web_conferencing,2,38
Utilitarianism,4,21
Karl_Sims,6,4
Ape,6,4
Popular_culture,6,4
Electric_current,6,4
Multiplication,1,46
Oxford_English_Dictionary,1,46
Muscle,3,29
Public_records,3,29
3D_modeling,5,12
Critical_thinking,2,37
Latitude,4,20
Car_accident,4,20
Visual_Basic,4,20
Eadweard_Muybridge,6,3
Atari,6,3
Social_movement,6,3
Locative_case,6,3
Fuel_cell,6,3
Teleconference,1,45
Simulation,1,45
Software_development,1,45
Allele,1,45
Scan_line,3,28
Knitting,3,28
Anxiety,3,28
Positive_feedback,3,28
QuickTime,3,28
"September_11,_2001_attacks",5,11
Real-time_computer_graphics,5,11
Incandescent_light_bulb,5,11
Users'_group,2,36
Computer-mediated_communication,2,36
Economy_of_the_United_States,2,36
Toolbar,2,36
Longitude,4,19
Shopping_cart,4,19
Macintosh_II,6,2
Cosmic_ray,6,2
Public_sphere,6,2
Fireworks,6,2
Citizen_journalism,6,2
Humanities,1,44
Research,1,44
Office_automation,1,44
Paradigm_shift,1,44
Symbolic_computation,1,44
Dialectic,3,27
Color_vision,3,27
Centimetre,3,27
PayPal,3,27
Compass,5,10
Electronic_component,5,10
Urban_planning,5,10
CPU_time,2,35
Syllabus,2,35
May_2000,4,18
The_Pirate_Bay,4,18
Georges_Pompidou,6,1
Laserdisc,6,1
Art_criticism,6,1
Triptych,6,1
Donkey,6,1
Zachary_Lieberman,6,1
Methane,6,1
Interactive_music,6,1
Microbial_fuel_cell,6,1
Peripheral,1,43
Conventional_wisdom,1,43
Desktop_computer,1,43
Feature_extraction,1,43
HTML_element,1,43
Digital_rights_management,1,43
Windows_Vista,1,43
Video_game_console,3,26
Internet,3,26
Virtuous_circle_and_vicious_circle,3,26
Applet,5,9
Charge-coupled_device,2,34
Persona,2,34
Confidence_trick,2,34
Motion_detection,4,17
Action_research,1,42
Scientific_modelling,1,42
Disk_storage,1,42
Network_card,1,42
Hay,1,42
Speaker_recognition,1,42
Yahoo!,1,42
Business-to-consumer,1,42
Illustration,3,25
Iceberg,3,25
Fair_use,3,25
Backspace,5,8
Sony_Pictures_Entertainment,5,8
Common_Lisp,2,33
Sampling_rate,2,33
Mac_OS_X,2,33
CNN,4,16
Answering_machine,4,16
Drag-and-drop,4,16
United_States_dollar,4,16
Millennium,4,16
Epistemology,1,41
Georgia_Institute_of_Technology,1,41
Buzzword,1,41
Magnification,1,41
L-system,1,41
Open_standard,1,41
Internet_Explorer,1,41
Homonym,3,24
Public_interest,3,24
Wired_(magazine),3,24
Dada,5,7
Audio_engineering,5,7
Extrusion,5,7
Co-creation,5,7
Freeware,5,7
Trial_and_error,2,32
United_States_National_Academy_of_Sciences,2,32
Unsupervised_learning,2,32
Cliff,4,15
Biography,4,15
Non-Euclidean_geometry,4,15
Silicon,4,15
Co-evolution,4,15
Internet_radio,4,15
Glen_Culler,1,40
Wireless_access_point,1,40
NTSC,3,23
Multiplane_camera,5,6
Sense,5,6
Model_car,5,6
Stepper,5,6
Common_land,5,6
Inkjet_printer,5,6
Google_News,5,6
Production_designer,5,6
E-book,2,31
Conflict_resolution,2,31
Individualism,2,31
Copyright_infringement,2,31
Computer_virus,2,31
Electron,4,14
Attractor,4,14
Ant_colony,4,14
Solenoid,4,14
Biological_neural_network,4,14
Opportunism,1,39
Optimism,1,39
Federal_government_of_the_United_States,1,39
Torque,1,39
Utility,1,39
Venture_capital,1,39
Fatigue_(medical),3,22
Topology,3,22
One-to-many,3,22
Power_outage,3,22
Focal_length,3,22
Tim_Berners-Lee,3,22
Del.icio.us,3,22
Alias_Systems_Corporation,5,5
Artisan,5,5
Hallucination,5,5
Stepper_motor,5,5
Antibody,5,5
Public-access_television,5,5
Hyperbolic_geometry,5,5
Solar_cell,5,5
Riddle,5,5
Organized_crime,5,5
Carbon_dioxide,5,5
Ontology,2,30
White_paper,2,30
Ink,4,13
Lightning,4,13
Moving_parts,4,13
Physical_body,4,13
Trackball,4,13
Sunglasses,4,13
Adobe_Dreamweaver,4,13
Scrolling,1,38
Reflectivity,1,38
Installation_(computer_programs),1,38
Digital_video_recorder,1,38
February_2004,1,38
2015,1,38
Topography,3,21
Morphogenesis,3,21
Dominoes,3,21
Social_center,3,21
February_2005,3,21
Acoustics,5,4
National_Film_Board_of_Canada,5,4
World_War_II,5,4
Brush,5,4
Botany,5,4
Consumerism,5,4
Arduino,5,4
Maya_(software),5,4
Capacitor,2,29
Photon,2,29
Google_search,2,29
IPod,2,29
Alexa_Internet,2,29
Boredom,4,12
High-definition_television,4,12
Virtual_image,4,12
Terrorism,4,12
Nonlinear_programming,1,37
Many-to-many,1,37
Full_text_search,1,37
Thumb,1,37
Model_organism,1,37
Real-time_strategy,1,37
Mediation,3,20
Optical_fiber,3,20
Transformer,3,20
Display_resolution,3,20
Cyberspace,3,20
Evolution,3,20
Social_bookmarking,3,20
Mechanoreceptor,3,20
Drop_(liquid),5,3
Conveyor_belt,5,3
Algorithmic_composition,5,3
Individuation,5,3
3-D_film,5,3
Myron_W._Krueger,5,3
Facade,5,3
Simulacrum,5,3
Payphone,5,3
Muse,5,3
Fable,5,3
Remix,5,3
Cityscape,5,3
Weightlessness,5,3
Dystopia,5,3
Tweening,2,28
Artificial_neural_network,2,28
United_States_Constitution,2,28
Multi-agent_system,2,28
Pac-Man,2,28
Transparency_(optics),4,11
Intimacy,4,11
IBM_PC_compatible,4,11
Keyboard_(computing),4,11
Freedom_of_speech,4,11
Punched_tape,4,11
Common_Gateway_Interface,4,11
NTT_docomo,4,11
Music_industry,1,36
Freelancer,3,19
Humanoid,3,19
Subtitle_(captioning),5,2
Major_appliance,5,2
Curator,5,2
Great_white_shark,5,2
Nairobi,5,2
Adobe_Premiere_Pro,5,2
Digital_storytelling,5,2
Disc_jockey,5,2
AdWords,5,2
Petition,5,2
Sega,5,2
The_Incredibles,5,2
Habitat,5,2
Monopoly,2,27
Holy_Grail,2,27
Archaeology,4,10
Financial_Times,4,10
Content_management_system,4,10
MediaWiki,4,10
Gift_economy,4,10
Formal_system,1,35
Hong_Kong,1,35
Holism,1,35
Field_work,1,35
Seminar,3,18
Wallet,3,18
Subjectivity,3,18
Timeline_of_computing_1950–1979,3,18
Humidity,3,18
3D_computer_graphics_software,3,18
Gyroscope,3,18
Hotspot_(Wi-Fi),3,18
Nation_state,3,18
Biofeedback,3,18
Eviction,3,18
Betacam,5,1
Iconography,5,1
Bob_Sabiston,5,1
Sampler_(musical_instrument),5,1
Planetary_(comics),5,1
Autechre,5,1
Evocation,5,1
Glissando,5,1
Fresco,5,1
Marcel_Duchamp,5,1
The_Rolling_Stones,5,1
3ds,5,1
Oxygen,5,1
University_of_Birmingham,5,1
Niccolò_Machiavelli,5,1
V-Ray,5,1
ZBrush,5,1
Cello,5,1
Parameter_space,2,26
Emeritus,2,26
Agent-based_model,2,26
Man-in-the-middle_attack,2,26
Skype,2,26
Network_science,2,26
Motion_control,4,9
German_language,4,9
Mermaid,4,9
Euclidean_geometry,4,9
Gimbal,4,9
Democracy,4,9
Netizen,4,9
Starch,4,9
Shareholder,1,34
Postgraduate_education,1,34
Fallacy,1,34
Acronym_and_initialism,1,34
E-mail_spam,1,34
Volt,3,17
University_of_New_South_Wales,3,17
Mathematica,3,17
Spider,3,17
"Minneapolis,_Minnesota",2,25
Trade_secret,2,25
Serendipity,2,25
Assembly_line,2,25
Restaurant,2,25
Tertiary_sector_of_the_economy,2,25
General_Packet_Radio_Service,2,25
Digital_audio_player,2,25
Graphics_tablet,4,8
Monochrome,4,8
Natural_environment,4,8
Homelessness,4,8
Human_Genome_Project,4,8
White,4,8
Social_justice,4,8
Human_scale,4,8
Particle_accelerator,4,8
Output_device,1,33
Eavesdropping,1,33
Menu_(computing),1,33
Ben_Shneiderman,1,33
PDP-11,1,33
ZIP_code,1,33
Telemetry,1,33
Bump_mapping,3,16
Honesty,3,16
International_Computer_Music_Conference,3,16
Product_(business),2,24
Software_agent,2,24
Adhesive,4,7
Poverty,4,7
Sand,4,7
Laughter,4,7
Windshield,4,7
Vending_machine,4,7
Fertilizer,4,7
Richard_Stallman,4,7
Sarcasm,4,7
Weta_Digital,4,7
Formal_language,1,32
Domain_name_registry,1,32
Abstract_machine,1,32
Fingerprint,1,32
Morality,1,32
Contradiction,3,15
Infinity,3,15
Civil_liberties,3,15
Visual_programming_language,3,15
Kilometre,3,15
Air_conditioning,3,15
Online_chat,3,15
Apollo_program,3,15
Gottfried_Leibniz,2,23
Payment_system,2,23
Executor,2,23
Chat_room,2,23
Mobile_game,2,23
Electronic_communication_network,4,6
Otis_Elevator_Company,4,6
Reagent,4,6
Colors_(Utada_Hikaru_song),4,6
Binoculars,4,6
Speed_of_light,4,6
Solar_System,4,6
Caricature,4,6
Cigarette,4,6
Jurassic,4,6
Internet_encyclopedia_project,4,6
Jimmy_Wales,4,6
Mechatronics,4,6
8-bit,1,31
Industrial_engineering,1,31
Luminance,1,31
Apprenticeship,1,31
University_of_Illinois_at_Urbana-Champaign,1,31
Online_shopping,1,31
Resource_Description_Framework,1,31
Google_Docs,1,31
AdSense,1,31
Interlock_(engineering),3,14
Oscillation,3,14
Vision_system,3,14
Scale_model,3,14
Gnutella,3,14
Lucasfilm,2,22
2D_computer_graphics,2,22
Electronic_engineering,2,22
Geek,2,22
1995–96_NBA_season,2,22
March_1999,2,22
Mnemonic,4,5
Illusion,4,5
Superimposition,4,5
Washing_machine,4,5
Parking_lot,4,5
Television_advertisement,4,5
Print_on_demand,4,5
Motion_planning,1,30
Microform,1,30
Telephony,1,30
"High_Level,_Alberta",1,30
Cross-reference,1,30
Mechanical_engineering,1,30
Call_centre,1,30
Identity_theft,1,30
Multiplayer_video_game,1,30
Facial_muscles,3,13
Chromosome,3,13
Codomain,3,13
Image_editing,3,13
Video_Graphics_Array,3,13
World_of_Warcraft,3,13
Rapid_prototyping,2,21
United_States_Air_Force,2,21
Desktop_environment,2,21
Materials_science,2,21
Immune_system,2,21
Online_game,2,21
Web_feed,2,21
Interaction_Model,4,4
Very_low_frequency,4,4
Athanasius_Kircher,4,4
Taxicab,4,4
Human_nature,4,4
Pinball,4,4
DEFLATE,4,4
Java_applet,4,4
Thermographic_camera,4,4
Government_Communications_Headquarters,4,4
Irrigation,4,4
Quake_III_Arena,4,4
World_Bank,4,4
Wikileaks,4,4
Arnold_Schwarzenegger,4,4
Graphics_Coordinator,4,4
Travel_agency,1,29
Clockwise,1,29
Physical_layer,1,29
Torus,1,29
Baecker,1,29
Charles_Babbage,1,29
Frequency_domain,1,29
Language_acquisition,1,29
Internet_privacy,1,29
HotBot,1,29
Multinational_corporation,3,12
Animal,3,12
Extraversion_and_introversion,3,12
Vrije_Universiteit,2,20
Fine_motor_skill,2,20
Traffic_analysis,2,20
Semiotics,2,20
Telecommunications_data_retention,2,20
Supreme_Court_of_the_United_States,2,20
Fundamental_frequency,4,3
Aurora_(astronomy),4,3
Social_web,4,3
Raw_material,4,3
Adolf_Hitler,4,3
Nomad,4,3
Dow_Jones_Industrial_Average,4,3
Anterograde_amnesia,4,3
Odyssey,4,3
"Vinci,_Italy",4,3
DigiCash,4,3
Bimodal_distribution,1,28
Hindsight_bias,1,28
"Oakland,_California",1,28
Floppy_disk,1,28
Integrated_Services_Digital_Network,1,28
Damages,1,28
Operationalization,1,28
Media_Lab,3,11
Ethos,3,11
Drawing_board,3,11
Gramophone_record,3,11
Escherichia_coli,3,11
Xbox,3,11
Technical_director,3,11
Essay,2,19
Industrial_design,2,19
Gesellschaft_mit_beschränkter_Haftung,2,19
Floor_plan,2,19
Procedural_animation,4,2
Soap,4,2
Stra,4,2
Beehive,4,2
Andy_Warhol,4,2
Digital_recording,4,2
Marble_(toy),4,2
Roller_coaster,4,2
Tightrope_walking,4,2
Landfill,4,2
Dentistry,4,2
Modern_art,4,2
Syndrome,4,2
FFmpeg,4,2
Formant,4,2
Grazing,4,2
Anime,4,2
Prepared_piano,4,2
Nutrient,4,2
James_Cameron,4,2
Johann_Friedrich_Reichardt,4,2
Computer_program,1,27
Color_code,1,27
De_facto,1,27
Complex_systems,1,27
Countable_set,1,27
Distance_education,1,27
Help_desk,1,27
Civil_disobedience,1,27
Sustainability,1,27
Tone_mapping,1,27
Silhouette,3,10
Apollo_Computer,3,10
Shared_space,3,10
Schizophrenia,3,10
Intel_80486,3,10
Pollution,3,10
October_2001,3,10
Multimedia_Messaging_Service,3,10
Joseph_Weizenbaum,2,18
Kinetic_energy,2,18
Finger,2,18
Keio_University,2,18
Broadband,2,18
Audit,2,18
University_of_Tokyo,2,18
Cyberware,2,18
Photogrammetry,2,18
Web_crawler,2,18
Concrete_poetry,4,1
Riff,4,1
Tex_Avery,4,1
ISPW,4,1
Centre_Georges_Pompidou,4,1
Horticulture,4,1
Italian_language,4,1
Position_sensor,4,1
M._C._Escher,4,1
Pierre_Boulez,4,1
Aria,4,1
Low_fidelity,4,1
Düsseldorf,4,1
Beamer_(cricket),4,1
Humberto_Maturana,4,1
Chimpanzee,4,1
Art_history,4,1
Flamenco,4,1
Toy_Story_2,4,1
Online_magazine,4,1
Work_of_art,4,1
Tally_marks,4,1
Onan,4,1
Eggleston,4,1
Outer_space,4,1
Trombone,4,1
Copyleft,4,1
Chloroplast,4,1
Bird_vocalization,4,1
Magnet,4,1
William_S._Burroughs,4,1
Radiology,1,26
Rerun,1,26
Fourier_transform,1,26
Complex_analysis,1,26
Automatic_programming,1,26
Franco_P._Preparata,1,26
Subtraction,1,26
"Washington,_D.C.",1,26
Reflex,1,26
Empiricism,1,26
Transcode,1,26
Mobile_network_operator,1,26
Mobile_operating_system,1,26
Distillation,3,9
Spacecraft,3,9
Mass_surveillance,3,9
Paranoia,3,9
Cart,3,9
NeXT,3,9
Second_Life,3,9
Footnote,2,17
Telerobotics,2,17
Dichotomy,2,17
Mathematical_logic,2,17
White_noise,2,17
Goal-oriented,2,17
Pigment,2,17
Perspective_(graphical),2,17
Information_asymmetry,2,17
Intern,2,17
Pocket_PC,2,17
United_States_Department_of_State,2,17
Citizen_science,2,17
A-side_and_B-side,1,25
Resampling,1,25
Random_House,1,25
Opposite_(semantics),1,25
MVS,1,25
Peer_pressure,1,25
Educational_software,1,25
Handedness,1,25
Structured_light,1,25
Public_health,1,25
Landline,1,25
August_2001,1,25
Tentacle,1,25
Vagueness,3,8
Complex_network,3,8
Compact_Cassette,3,8
Theatrical_property,3,8
Electrical_connector,3,8
Gulf_War,3,8
Telescope,3,8
Cubism,3,8
World_population,3,8
Hairstyle,3,8
Superhero,3,8
Biodiversity,3,8
Umbra,2,16
Software_developer,2,16
Computer_printer,2,16
Telephone_call,2,16
Particle_physics,2,16
Developed_country,2,16
Procedural_texture,2,16
Horse_gait,2,16
Real_estate,2,16
Sexism,2,16
Information_superhighway,2,16
Home_Shopping_Network,2,16
Pentium_III,2,16
Parallel_(geometry),1,24
Self-balancing_binary_search_tree,1,24
Confounding,1,24
Circumference,1,24
"Baltimore,_Maryland",1,24
Program_1_Polskiego_Radia,1,24
Bipedalism,1,24
Complex_number,1,24
Comparison_of_computer_form_factors,1,24
Internet_traffic,1,24
Federal_Trade_Commission,1,24
OpenOffice.org,1,24
Pendulum,3,7
Temporality,3,7
Triangle,3,7
Pond,3,7
Criminal_justice,3,7
Porosity,3,7
Cathode,3,7
Steering_wheel,3,7
Multilingualism,3,7
Athlon,3,7
Perspiration,3,7
Bionics,3,7
Dice,2,15
Abstract_object,2,15
BP,2,15
Surgery,2,15
Temperature,2,15
Noam_Chomsky,2,15
United_States_Geological_Survey,2,15
Desert,2,15
Ray_casting,1,23
Multiple_choice,1,23
Function_(mathematics),1,23
Codebook,1,23
Colorfulness,1,23
Whiteboard,1,23
Circuit_design,1,23
Treemapping,1,23
Amorphous_solid,1,23
Market_data,1,23
Image-based_modeling_and_rendering,1,23
Alive_(film),1,23
Netscape,1,23
The_Muppets,1,23
Small_and_medium_enterprises,1,23
Humanoid_robot,1,23
Mummy,1,23
Eben_Fiske_Ostby,3,6
IMAX,3,6
Film_director,3,6
Geopolitics,3,6
Doll,3,6
Sonification,3,6
Stuttering,3,6
Manhattan,3,6
Contextualization,3,6
Nanometre,3,6
Plasma_display,3,6
George_W._Bush,3,6
Phonaesthetics,3,6
Latin_honors,3,6
Fluorescence,3,6
Sphere,2,14
Wideband,2,14
Physical_modelling_synthesis,2,14
Virtual_Processor,2,14
Neurology,2,14
Stock_market,2,14
F-number,2,14
Commodification,2,14
Bespoke,2,14
STEM_fields,2,14
Soft_tissue,1,22
Helsinki,1,22
Pergamon_Press,1,22
Subsequence,1,22
Multimodal_integration,1,22
Follow-on,1,22
Random_seed,1,22
Table_(information),1,22
Program_2_Polskiego_Radia,1,22
Biomolecule,1,22
Hardwired_control,1,22
Motor_skill,1,22
French_language,1,22
Small_business,1,22
MUD,1,22
Form_(web),1,22
Memex,1,22
Programmable_logic_device,1,22
Text_mining,1,22
Spectrogram,1,22
Eason_&_Son,3,5
Vortex,3,5
Pastel,3,5
Table_tennis,3,5
Impressionism,3,5
Accompaniment,3,5
Bribery,3,5
Poster,3,5
Naked_eye,3,5
Cyborg,3,5
Sidewalk,3,5
Holodeck,3,5
Autodesk,3,5
Displacement_mapping,2,13
Saint_Kilian,2,13
Burglar_alarm,2,13
Visible_spectrum,2,13
Semantic_gap,2,13
Textile,2,13
Johann_Wolfgang_von_Goethe,2,13
Model_(economics),2,13
Protein_subunit,2,13
Knowledge_transfer,2,13
Geert,2,13
HTML_editor,2,13
Emergency_management,2,13
Hobby,2,13
Forehead,1,21
Projective_geometry,1,21
APL_(programming_language),1,21
Functional_design,1,21
History_of_computing_hardware,1,21
Tailor,1,21
Control_logic,1,21
White-collar_worker,1,21
Profession,1,21
Exploitation,1,21
Anthropology,1,21
Address_book,1,21
Graphics_Interchange_Format,1,21
Measuring_instrument,1,21
Windows_95,1,21
Geolocation,1,21
Digital_asset,1,21
Geospatial,1,21
Peering,1,21
Antonie_van_Leeuwenhoek,1,21
Serious_game,1,21
United_States_House_of_Representatives,3,4
Utopia,3,4
Human_Relations_Movement,3,4
Allusion,3,4
Vocoder,3,4
Treadmill,3,4
Empowerment,3,4
Injunction,3,4
Kampala,3,4
Wink,3,4
Corel_Corporation,3,4
Maze,3,4
Modulation_(music),3,4
Rhythm,3,4
Hackathon,3,4
Leonardo_da_Vinci,3,4
Concept_art,3,4
Radia,3,4
Exoskeleton,3,4
Eraser,2,12
Ethernet_physical_layer,2,12
Polymer,2,12
Adolescence,2,12
Renewable_energy,2,12
Philanthropy,2,12
Abortion,2,12
Principle_of_bivalence,2,12
Aquarium,2,12
MSN,2,12
Photodetector,2,12
Rich_Internet_application,2,12
Do_it_yourself,2,12
Pulse-code_modulation,2,12
Euro,2,12
Chronic_(medical),2,12
Adobe_Photoshop_Lightroom,2,12
Curvature,1,20
Stockholm,1,20
Binary_image,1,20
Brochure,1,20
Triangle_mesh,1,20
University_of_Edinburgh,1,20
Collusion,1,20
Microelectronics,1,20
Graphics_library,1,20
Delusion,1,20
Interactive_computing,1,20
Bill_Gates,1,20
Webmaster,1,20
Image_distortion,1,20
Hygiene,1,20
Social_capital,1,20
Japan_Standard_Time,1,20
Android_(mobile_device_platform),1,20
Back_pressure,1,20
CMYK_color_model,1,20
Complementary_color,1,20
Flavor,3,3
Experimental_music,3,3
No_budget_film,3,3
IBM_Personal_Computer/AT,3,3
Music_sequencer,3,3
Modelling_clay,3,3
Pentagon,3,3
Fashion_design,3,3
Childbirth,3,3
Wind_speed,3,3
Bone_conduction,3,3
Silk,3,3
Transdisciplinarity,3,3
Culture,3,3
Multiculturalism,3,3
I-mode,3,3
Hormone,3,3
Labyrinth,3,3
3ds_Max,3,3
Human_self-reflection,3,3
Disinformation,3,3
Glucose,3,3
François_Rabelais,3,3
Optical_illusion,3,3
Built_environment,3,3
Bullying,3,3
Fluorescent_lamp,3,3
Collective_unconscious,3,3
Nightclub,3,3
Black_Mountain_College,3,3
Musicality,3,3
TED_(conference),3,3
Web3D,3,3
Sound_pressure,3,3
Consciousness,2,11
Criminal_law,2,11
Laser,2,11
Society,2,11
Rhetoric,2,11
Videotape,2,11
3D_rendering,2,11
Retroreflector,2,11
Phase_(waves),2,11
3D_audio_effect,2,11
Immersion_(virtual_reality),2,11
Short_circuit,2,11
Game_development_tool,2,11
April_1999,2,11
Avatar_(computing),2,11
Claude_Monet,2,11
Creative_director,2,11
Modus_operandi,1,19
Intel_8086,1,19
Liberal_arts,1,19
Social_structure,1,19
"Cut,_copy,_and_paste",1,19
Spacetime_topology,1,19
Mental_health,1,19
Subsidiary,1,19
Private_network,1,19
London_Underground,1,19
Immersive_digital_environment,1,19
Global_navigation_satellite_system,1,19
E-mail_client,1,19
Root_cause,1,19
Experience_design,1,19
Large_Hadron_Collider,1,19
Marker_pen,3,2
Time_code,3,2
Software_art,3,2
Oppression,3,2
Nuclear_power,3,2
Health_education,3,2
Musical_keyboard,3,2
Staccato,3,2
Cardboard_box,3,2
Audio_file_format,3,2
The_Little_Prince,3,2
Wind,3,2
Pollination,3,2
Sean_Connery,3,2
Aquatic_plant,3,2
Image_processing_engine,3,2
Open_design,3,2
Hyperbolic_space,3,2
Digital_pet,3,2
Hamster,3,2
Growth_medium,3,2
Earthquake,3,2
Variegation,3,2
Reconnaissance,3,2
Intercom,3,2
Pulley,3,2
Environmentalism,3,2
Aesop,3,2
Silent_film,3,2
Sound_card,3,2
Open_content,3,2
Uganda,3,2
Celebrity,3,2
Immortality,3,2
Biosensor,3,2
Extraterrestrial_life,3,2
Reality_Lab,3,2
Hip_hop_music,3,2
Segregated_cycle_facilities,3,2
Naturism,3,2
Polar_bear,3,2
University_of_the_West_of_England,3,2
Brooklyn_Bridge,3,2
Psychoanalysis,3,2
Washroom,3,2
Air_Quality_Index,3,2
Fossil,3,2
News_presenter,3,2
Generation_Y,3,2
Amblin_Entertainment,3,2
Memristor,3,2
Stem_cell,3,2
Teleportation,3,2
Aerodynamics,2,10
Transference,2,10
Motion_blur,2,10
Ear,2,10
Finesse,2,10
Remote_sensing,2,10
Political_economy,2,10
Orthopedic_surgery,2,10
Self-organizing_map,2,10
Penmanship,2,10
Science,2,10
Baking,2,10
First_language,2,10
Virtual_museum,2,10
Interactive_television,2,10
Luddite,2,10
Internaut,2,10
North_America,2,10
Dot-com_company,2,10
Evidence-based_medicine,2,10
Semi-automatic_firearm,2,10
General_Public,2,10
May_2004,2,10
Etymology,2,10
DreamWorks,2,10
Interrogation,2,10
Wholesale,1,18
Single-player,1,18
Text_box,1,18
Electrocardiogram,1,18
Synchronism,1,18
Unix-like,1,18
Marketing_strategy,1,18
Soft_matter,1,18
Efficacy,1,18
Electric_power_transmission,1,18
Hiccup,1,18
Tang_Dynasty,1,18
Expressivity,1,18
New_York_Stock_Exchange,1,18
Gigabit,1,18
Music_visualization,1,18
Slashdot,1,18
High_dynamic_range_imaging,1,18
McKinsey_&_Company,1,18
Feature_film,3,1
Dream_world_(plot_device),3,1
Japanese_language,3,1
Overpopulation,3,1
"Saijō,_Ehime",3,1
Sledgehammer,3,1
Tape_recorder,3,1
Charcoal,3,1
Prosecutor,3,1
Narcissism,3,1
Cupboard,3,1
Mandala,3,1
Gillette_Mach3,3,1
Safe_sex,3,1
Bark,3,1
No_Border_network,3,1
Eugenics,3,1
Silk_Road,3,1
Thriller_(genre),3,1
Michel_Foucault,3,1
Psyche_(psychology),3,1
Handheld_TV_game,3,1
Prehistory,3,1
Digital_compositing,3,1
Yeast,3,1
Web_hosting_service,3,1
Mixing_console,3,1
Robot_World,3,1
Nostalgia,3,1
Plastic,3,1
Bruges,3,1
Medical_transcription,3,1
Joseph_Stalin,3,1
Affero_General_Public_License,3,1
Wiki_software,3,1
Somali_diaspora,3,1
Blizzard,3,1
Green_energy,3,1
DWARF,3,1
Franz_Liszt,3,1
Drumhead,3,1
Organ_transplant,3,1
Flea,3,1
Campfire,3,1
Fairlight_CMI,3,1
Palimpsest,3,1
Cel,3,1
Saxophone,3,1
Curved_mirror,3,1
Electric_potential_energy,3,1
Polina,3,1
Scientology,3,1
Rorschach_inkblot_test,3,1
World_map,3,1
Bipolar_disorder,3,1
Metaballs,3,1
Mood_disorder,3,1
Physical_therapy,3,1
PET_film_(biaxially_oriented),3,1
Solar_wind,3,1
Umami,3,1
Capacity_building,3,1
Sub-Saharan_Africa,3,1
Traffic_congestion,2,9
Solid_geometry,2,9
1970s,2,9
Paris,2,9
Narrative_structure,2,9
Educational_game,2,9
Video_camera,2,9
Catalysis,2,9
Anonymous_remailer,2,9
Virtù,2,9
Ambulance,2,9
Wile_E._Coyote_and_Road_Runner,2,9
Bricolage,2,9
Gene,2,9
PlayStation,2,9
Smart_material,2,9
OpenStreetMap,2,9
Hyperbole,1,17
Potential_energy,1,17
Alberta,1,17
Digital_Systems,1,17
Elbow,1,17
Name_server,1,17
Engineering,1,17
Introspection,1,17
Visual_field,1,17
Computational_biology,1,17
Chatterbot,1,17
Mozilla,1,17
Metal,2,8
Typeface,2,8
1960s,2,8
United_States_National_Library_of_Medicine,2,8
Preconditioner,2,8
Conducting,2,8
Breakfast,2,8
Omnipresence,2,8
History_of_technology,2,8
Normal_mode,2,8
Frequency_range,2,8
Burnaby,2,8
Vandalism,2,8
Paralysis,2,8
Social_work,2,8
Medicine,2,8
Federal_Aviation_Administration,2,8
Racism,2,8
Visual_communication,2,8
Aluminium,2,8
Procedural_generation,2,8
Euphemism,2,8
Photographic_lens,2,8
Pollen,2,8
Frost,2,8
Vestibular_system,2,8
Lawn_mower,2,8
Food_chain,2,8
Antigen,2,8
Pun,2,8
August_2002,2,8
Authoritarianism,2,8
Glyph,2,8
Digital_identity,2,8
LIDAR,2,8
IKEA,2,8
Human-robot_interaction,2,8
ActionScript,2,8
Timeline_of_computing_1990–present,2,8
Orchestration,2,8
Attenuation,1,16
Complete_information,1,16
Death_certificate,1,16
Fifth_dimension,1,16
Image_resolution,1,16
1_E-9_s,1,16
Blumberg,1,16
Harvard_University,1,16
Lawsuit,1,16
Industrial_Revolution,1,16
Occupational_safety_and_health,1,16
Biochemistry,1,16
Professional_development,1,16
Business_development,1,16
Plebs,1,16
WorldWideWeb,1,16
Extractor_(firearms),1,16
Mobile_development,1,16
QR_Code,1,16
Recreational_vehicle,2,7
Cheek,2,7
Digital_communications,2,7
Resistor,2,7
New_Delhi,2,7
Mac_OS,2,7
Barter,2,7
Singapore,2,7
Language,2,7
Double-click,2,7
Sound_change,2,7
Self-awareness,2,7
Hubble_Space_Telescope,2,7
Interval_Research_Corporation,2,7
Banana,2,7
Pathogen,2,7
March_2001,2,7
Counter-terrorism,2,7
E-card,2,7
Monoculture,2,7
Deep_Web,2,7
Yoghurt,2,7
Genetics,2,7
Grayscale,1,15
Hearing_impairment,1,15
Inflection,1,15
Dartmouth_College,1,15
Computer_terminal,1,15
Dynamical_system,1,15
Impression_management,1,15
Matrix_representation,1,15
Locate_di_Triulzi,1,15
Computer_file,1,15
Pea,1,15
Pebble,1,15
Adobe_Systems,1,15
International_Organization,1,15
Indian_Institute,1,15
Beam_splitter,1,15
Aristotle,1,15
Medical_ultrasonography,1,15
Appetite,1,15
Ido,1,15
Theory_of_cognitive_development,1,15
Human-readable,1,15
Open_source_license,1,15
Cell_site,1,15
Motherboard,1,15
Game_mechanic,1,15
Light_painting,1,15
Quadruped,2,6
Nibble,2,6
Royal_College_of_Art,2,6
Self-shadowing,2,6
Stone_Age,2,6
Iliad,2,6
Harvard_Medical_School,2,6
Liquid_crystal,2,6
Invisibility,2,6
Cancer,2,6
BASIC,2,6
Silicone,2,6
Science_fiction,2,6
Oceanography,2,6
Frequency_analysis,2,6
Dow_Jones_&_Company,2,6
Social_construction,2,6
Digital_elevation_model,2,6
Rear_projection_effect,2,6
Honey,2,6
Newspaper,2,6
Wacom,2,6
Sony,2,6
Sailboat,2,6
Cathode_ray,2,6
Time_(magazine),2,6
Ross_J._Anderson_(professor),2,6
Recycling,2,6
Situationist_International,2,6
Taskbar,2,6
Narrative_theory,2,6
Free_content,2,6
Collective_intelligence,2,6
Metaphysics,2,6
Xbox_360,2,6
Hadron,2,6
Fossil_fuel,2,6
Skull,1,14
Loren_Carpenter,1,14
Skeletal_muscle,1,14
Nitrogen,1,14
Social_dynamics,1,14
Ordered_list,1,14
Mockup,1,14
Espionage,1,14
Plagiarism,1,14
Tints_and_shades,1,14
Resonance,1,14
Jury,1,14
Backpropagation,1,14
Face_value,1,14
Overkill,1,14
Theoretical_physics,1,14
Financial_market,1,14
Deliberation,1,14
Second_source,1,14
HVAC,1,14
Network_News_Transfer_Protocol,1,14
Interactive_voice_response,1,14
Latin_America,1,14
Record_industry,1,14
Broadband_Internet_access,1,14
Samsung_Group,1,14
Fiduciary_marker,1,14
Canadarm,2,5
Headlamp,2,5
Integer_sequence,2,5
Depth_of_field,2,5
Pixar_Image_Computer,2,5
Intentionality,2,5
PlayStation_2,2,5
Economic_inequality,2,5
Color_theory,2,5
Dana_Scott,2,5
Energy_level,2,5
Enzyme,2,5
Electrical_network,2,5
Nonsense,2,5
Social_control,2,5
Braille,2,5
Animated_cartoon,2,5
Adobe_Director,2,5
Cell_(biology),2,5
Meteorology,2,5
Post-industrial_society,2,5
Cattle,2,5
René_Descartes,2,5
Text_messaging,2,5
June_2005,2,5
Physical_computing,2,5
Horoscope,2,5
Lego_Mindstorms,2,5
San_Francisco_State_University,2,5
Happiness,1,13
Parabola,1,13
Facial_Action_Coding_System,1,13
Service_system,1,13
Modular_design,1,13
Sediment,1,13
Interception_(football),1,13
Serial_port,1,13
Laser_printer,1,13
Social_class,1,13
Robot_control,1,13
Geoffrey_Hinton,1,13
Melbourne,1,13
Impasse,1,13
RGBA_color_space,1,13
Identity_document,1,13
Blindness,1,13
Videocassette_recorder,1,13
Positioning_system,1,13
Open_access,1,13
ICQ,1,13
Eyepiece,1,13
June_2002,1,13
Gamer,1,13
Indo-European_s-mobile,1,13
Kimono,1,13
Gazetteer,1,13
Crochet,1,13
Acre,2,4
Homogeneous_polynomial,2,4
Phoneme,2,4
Cynicism,2,4
Opus_number,2,4
Tableau_vivant,2,4
Electron_microscope,2,4
Movie_projector,2,4
Illegal_drug_trade,2,4
Gossip,2,4
Circuit_diagram,2,4
Hexagon,2,4
Sedimentary_rock,2,4
Consonant,2,4
Puzzle,2,4
Life_expectancy,2,4
Menu_bar,2,4
Electrical_wiring,2,4
High_voltage,2,4
Cross-link,2,4
Input_method,2,4
8-bit_color,2,4
Natural_selection,2,4
Internet_pornography,2,4
Surgical_instruments,2,4
Knife,2,4
Business_incubator,2,4
Turnstile,2,4
Tessera,2,4
Wit,2,4
Caffeine,2,4
Corporate_image,2,4
Natural_phenomenon,2,4
Sildenafil,2,4
Primate,2,4
Expatriate,2,4
Homeostasis,2,4
The_Invisible_(film),2,4
Voice-over,2,4
Public_broadcasting,2,4
Open_government,2,4
Thomas_Edison,2,4
Vocational_education,2,4
Stoicism,2,4
Milky_Way,2,4
Walt_Disney_Pictures,2,4
Color_grading,2,4
Electrical_substation,2,4
Jedi,2,4
The_Walt_Disney_Company,1,12
Bone,1,12
Consistency,1,12
Guru,1,12
Beholder,1,12
Turbo_Pascal,1,12
Ideal_solution,1,12
Handsfree,1,12
Group_collaboration,1,12
Database_server,1,12
Average_costing,1,12
Working_memory,1,12
Depersonalization,1,12
Tent,1,12
Perlin_noise,1,12
DNA_sequence,1,12
Hexadecimal,1,12
Equilibrium_point,1,12
Innovation,1,12
Magnifying_glass,1,12
Artificial_reality,1,12
President_of_the_United_States,1,12
Blink,1,12
Software_synthesizer,1,12
Pseudonym,1,12
Business_card,1,12
Dual-use_technology,1,12
Square_metre,1,12
NetBeans,1,12
Genomics,1,12
Open_research,1,12
Antenna_(biology),2,3
Engineering_drawing,2,3
Diabetes_mellitus_type_1,2,3
Detective_fiction,2,3
Motion_of_no_confidence,2,3
Electromagnetism,2,3
Mind_uploading,2,3
Lower_Austria,2,3
Electromechanics,2,3
Rotterdam,2,3
Caustic_(optics),2,3
Graphic_arts,2,3
Plywood,2,3
Presupposition,2,3
U.S._state,2,3
Interconnectedness,2,3
Action_film,2,3
Highway,2,3
University_of_Graz,2,3
Coronary_circulation,2,3
Metallurgy,2,3
Zoom_lens,2,3
Vacuum_cleaner,2,3
Chef,2,3
Emissions_trading,2,3
Cyberpunk,2,3
Anachronism,2,3
Switzerland,2,3
Television_network,2,3
Workers'_self-management,2,3
Sampling_(music),2,3
Paper_recycling,2,3
Cosmetics,2,3
Slideshow,2,3
Optimized_Link_State_Routing_Protocol,2,3
Toy,2,3
Linear_prediction,2,3
Liminality,2,3
Record_label,2,3
Mannequin,2,3
Romanticism,2,3
Strategy_game,2,3
Protagonist,2,3
George_Lucas,2,3
Lighting,2,3
Toaster,2,3
Structural_change,2,3
Farm,2,3
Pesticide,2,3
Compact_Disc_player,2,3
Babysitting,2,3
Electronic_waste,2,3
Reaction_(physics),2,3
Game_designer,2,3
Optical_instrument,2,3
Larynx,2,3
Mental_image,2,3
Whitney_Museum_of_American_Art,2,3
Artificial_brain,2,3
Time_travel,2,3
Prescience,2,3
Industrial_robot,2,3
Saliva,2,3
Enigma_machine,2,3
Origami,2,3
Motion_(physics),2,3
Uncanny_valley,2,3
Cambrian,2,3
Digital_single-lens_reflex_camera,2,3
Tree_structure,1,11
Constructive_solid_geometry,1,11
Embedding,1,11
Climate_change,1,11
Mechanics,1,11
Prose,1,11
Electric_field,1,11
Gene_expression,1,11
"Anaheim,_California",1,11
Transmitter,1,11
Publishing,1,11
TREE,1,11
Schematic,1,11
Newsweek,1,11
Long-term_memory,1,11
Remote_control,1,11
Raw_image_format,1,11
Supermarket,1,11
Anti-aircraft_warfare,1,11
Printing_press,1,11
Real_image,1,11
Automotive_navigation_system,1,11
Hacker_(computing),1,11
Pedestrian,1,11
Omnidirectional_antenna,1,11
Lobbying,1,11
Web_portal,1,11
Impression_(Dragonriders_of_Pern),1,11
Werner_Heisenberg,1,11
Design_thinking,1,11
Weblog_software,1,11
Quark,1,11
Particulate,1,11
BBC_Micro,1,11
Quantum_entanglement,1,11
Single_nucleotide_polymorphism,1,11
Asthma,1,11
Courtyard,2,2
Inert,2,2
Universal_code_(data_compression),2,2
Personal_message,2,2
Microbiology,2,2
November_25,2,2
Tasmania,2,2
Akira_Kurosawa,2,2
Culture_of_Japan,2,2
Analytic_geometry,2,2
Fox_Mulder,2,2
Skyline,2,2
Plasticine,2,2
Marilyn_Monroe,2,2
Fonds,2,2
Non-linear_editing_system,2,2
Communication_design,2,2
Propeller,2,2
Cockroach,2,2
Engineering_vehicle,2,2
William_Gibson,2,2
Dusk,2,2
Marble,2,2
Orbital_hybridisation,2,2
Jukebox,2,2
Plato,2,2
Violin,2,2
Porthole,2,2
"City_University,_London",2,2
Earplug,2,2
Stationery,2,2
Blade_Runner,2,2
PowerBook,2,2
Groschen,2,2
Maggi,2,2
Cyberculture,2,2
Electrical_resistance,2,2
Eli_Biham,2,2
Chain_letter,2,2
Advertising_campaign,2,2
Earthworm,2,2
Atmel,2,2
"Wishart,_Queensland",2,2
Old_media,2,2
Popular_science,2,2
Anechoic_chamber,2,2
Post-structuralism,2,2
Person,2,2
Karlsruhe,2,2
Destiny,2,2
InterNIC,2,2
Dynamics_(music),2,2
RealAudio,2,2
Architectural_structure,2,2
Special_edition,2,2
Elections_in_the_United_States,2,2
Experimental_musical_instrument,2,2
Animat,2,2
Blues,2,2
Cape_Town,2,2
May_2003,2,2
Semipermeable_membrane,2,2
Space_Invaders,2,2
Helicopter,2,2
Oil_platform,2,2
Culture_of_India,2,2
Recording_studio,2,2
Politics_of_the_Republic_of_China,2,2
Germination,2,2
July_2004,2,2
Maurice_Merleau-Ponty,2,2
Palindrome,2,2
Louvre,2,2
Center_frequency,2,2
Sound_synthesis,2,2
Note,2,2
Environmental_health,2,2
Homeopathy,2,2
Ivory_Tower,2,2
1_E-15_s,2,2
Joe_Bloggs,2,2
Museum_of_Modern_Art,2,2
Politics,2,2
Wave–particle_duality,2,2
Cymbal,2,2
Orbit,2,2
Human_spaceflight,2,2
Power_cord,2,2
Gulf_of_Mexico,2,2
Mannan,2,2
Cinematographer,2,2
The_WELL,2,2
Compassion,2,2
Cadaver,2,2
Universal_Studios,2,2
Unity_(game_engine),2,2
Color_Field,2,2
Hyperreality,2,2
Weta_Workshop,2,2
Polygon_Pictures,2,2
Weather_station,2,2
Carnivore,2,2
Galileo_Galilei,2,2
Digital_cinema,2,2
Ammunition,2,2
SETI,2,2
Fluoxetine,2,2
Natural_resource,2,2
Samurai,2,2
70_mm_film,2,2
Wisdom,1,10
Small_set_(category_theory),1,10
Shah,1,10
Transformational_grammar,1,10
Sampling_(signal_processing),1,10
Potentiometer,1,10
Appropriate_technology,1,10
Aeronautics,1,10
Nuclear_weapon,1,10
Vacuum,1,10
Budget,1,10
Social_influence,1,10
Backlight,1,10
Interface_metaphor,1,10
Gait_(human),1,10
University_of_Geneva,1,10
Hybrid_system,1,10
Prior_art,1,10
World_economy,1,10
Managing_director,1,10
Mereology,1,10
Energy_storage,1,10
Screen_reader,1,10
Billboard_(advertising),1,10
Trade_fair,1,10
Voltage,1,10
Clinic,1,10
Refrigeration,1,10
Altruism,1,10
Anonymizer,1,10
Radio,1,10
Server_room,1,10
Nintendo,1,10
Carbon_nanotube,1,10
Multiplayer_online_game,1,10
Government-to-business,1,10
SKG,1,10
Unicorn,1,10
Atomic_clock,1,10
Apollo_Guidance_Computer,1,10
Charlie_Chaplin,2,1
Heavy_industry,2,1
Combinatorial_chemistry,2,1
Lateral_movement,2,1
Avant-garde,2,1
Characterisation,2,1
Scanning_electron_microscope,2,1
Umbilical_cord,2,1
Gladiator,2,1
Strobe_light,2,1
Anagram,2,1
Air_pollution,2,1
Fountain_pen,2,1
Wired_glove,2,1
Claims_adjuster,2,1
Execution_by_firing_squad,2,1
Daniel_Langlois,2,1
Lansky_(film),2,1
Drug_lord,2,1
Self-sufficiency,2,1
Didacticism,2,1
Pure_Data,2,1
Opera,2,1
David_Hockney,2,1
Turkish_language,2,1
Community_organizing,2,1
Sennheiser,2,1
Lemon,2,1
Aleatoric_music,2,1
Panorama,2,1
Space_Age,2,1
Phonograph_cylinder,2,1
Shooting_schedule,2,1
Soundtrack,2,1
Satellite_imagery,2,1
Cardinal_direction,2,1
Geocentric_model,2,1
Food_industry,2,1
Rococo,2,1
Immanence,2,1
Wheelie,2,1
Apartment_building,2,1
Snail,2,1
Mosquito,2,1
Alarm_clock,2,1
Daydream,2,1
Psychogeography,2,1
Galvanization,2,1
Fraunhofer_Society,2,1
Psychosis,2,1
Isea,2,1
Amplitude_modulation,2,1
Nihilism,2,1
Guide_book,2,1
Fourier_analysis,2,1
Beatnik,2,1
Unique_selling_proposition,2,1
Chronicle,2,1
Working_title,2,1
February_2002,2,1
Detergent,2,1
Asphyxia,2,1
September_2002,2,1
Darwinism,2,1
Boss_(video_games),2,1
Sustainable_business,2,1
Spy_satellite,2,1
Catharsis,2,1
Managing_editor,2,1
Pyrotechnics,2,1
Crescendo,2,1
Walker_Art_Center,2,1
Amusement_park,2,1
Audi,2,1
Haiku,2,1
Autopilot,2,1
Biological_warfare,2,1
Vault_(architecture),2,1
Asset_forfeiture,2,1
February_2001,2,1
Lip_sync,2,1
Gadget,2,1
Marshall_McLuhan,2,1
Marginalization,2,1
Rainforest,2,1
Perennial_plant,2,1
Anthropocentrism,2,1
Cellophane,2,1
Garage_sale,2,1
Algal_bloom,2,1
Film_score,2,1
Executive_producer,2,1
Television_program,2,1
Chainsaw,2,1
Overall,2,1
Internet_café,2,1
Brothers_Grimm,2,1
Independent_film,2,1
Paresthesia,2,1
Pluripotency,2,1
Octopus,2,1
The_New_School,2,1
CCRMA,2,1
Obsessive-compulsive_disorder,2,1
Hypersonic,2,1
Abstract_art,2,1
"Beekman,_New_York",2,1
Media_blackout,2,1
Condensation,2,1
Urban_design,2,1
Locative_media,2,1
Environmental_art,2,1
Octahedron,2,1
Metropolitan_Museum_of_Art,2,1
Ilija,2,1
Richard_François_Philippe_Brunck,2,1
Middle-earth,2,1
Camera_operator,2,1
Choir,2,1
Moss,2,1
Art_department,2,1
Minigame,2,1
Motion_graphics,2,1
Flip_book,2,1
Pneumatic_actuator,2,1
Bodybuilding,2,1
Inner_ear,2,1
Green_box,2,1
Peripheries_of_Greece,2,1
Bicycle,2,1
Virtual_studio,2,1
Summer_vacation,2,1
Occult,2,1
Twilight,2,1
Human_body,2,1
Artificial_neuron,2,1
Marantz,2,1
Systemic_bias,2,1
Audio_track,2,1
ISO_216,2,1
Blender_(software),2,1
Apocalyptic_and_post-apocalyptic_fiction,2,1
Amnesty_International,2,1
Ludwig_Wittgenstein,1,9
Information_communication_technology,1,9
Tooth,1,9
Postcard,1,9
Ground_rules_(baseball),1,9
Ground_plane,1,9
Halftone,1,9
Peephole,1,9
Metalanguage,1,9
Precedent,1,9
Health_care_in_the_United_States,1,9
23rd_century,1,9
Operations_management,1,9
Wii,1,9
IBM_Personal_Computer,1,9
Logical_consequence,1,9
1980s,1,9
Electrical_impedance,1,9
Common_good,1,9
Graphical_Kernel_System,1,9
Plumbing,1,9
Subculture,1,9
Muscle_contraction,1,9
Test_bench,1,9
Courier,1,9
Free_list,1,9
Group_(sociology),1,9
Automotive_design,1,9
Research_Corporation,1,9
Obsolescence,1,9
Vase,1,9
Agency_(philosophy),1,9
Chemistry,1,9
Blood_pressure,1,9
United_Nations_Children's_Fund,1,9
Rush_hour,1,9
Dynamic_HTML,1,9
GNU_Project,1,9
List_of_search_engines,1,9
Project_team,1,9
AOL_Instant_Messenger,1,9
July_2002,1,9
First-person_shooter,1,9
Heart_rate,1,9
ITunes,1,9
Auto-encoder,1,9
Collider,1,9
Balcony,1,9
Lung,1,9
Line_producer,1,9
Biomaterial,1,9
Ambisonics,1,9
Depth_perception,1,8
Videotex,1,8
Anatomy,1,8
Binary-coded_decimal,1,8
Scissors,1,8
Symbolism,1,8
Reexamination,1,8
Adventure_game,1,8
Electromagnetic_pulse,1,8
Analogue_electronics,1,8
Time,1,8
Banff_Mountain_Film_Festival,1,8
Felony,1,8
Temporal_resolution,1,8
Mores,1,8
Victor_Hugo,1,8
Bertin,1,8
Combustion,1,8
Positivism,1,8
Weather_forecasting,1,8
Rice,1,8
3D_display,1,8
University_of_Amsterdam,1,8
Strut,1,8
Photographic_processing,1,8
Radboud_University_Nijmegen,1,8
Angular_resolution,1,8
Repertory,1,8
Self-esteem,1,8
Embryo,1,8
Display_device,1,8
Point-and-click,1,8
Information_design,1,8
Rangefinder,1,8
Signals_intelligence,1,8
Gothenburg,1,8
Middle_school,1,8
Autonomous_robot,1,8
Space_observatory,1,8
Defamation,1,8
Refrigerator,1,8
Online_music_store,1,8
Asia,1,8
Core_network,1,8
Breast,1,8
Niklas_Luhmann,1,8
Memory_card,1,8
"Tsukuba,_Ibaraki",1,8
Wireless_broadband,1,8
Physics_engine,1,8
Blogosphere,1,8
Cut_scene,1,8
Xylophone,1,8
Abstract_interpretation,1,8
Speedometer,1,8
Black_hole,1,8
Tic-tac-toe,1,8
Mating,1,7
19th_century,1,7
Intangibles,1,7
2D_geometric_model,1,7
Parametric_equation,1,7
Telephone_directory,1,7
Impermanence,1,7
Behaviorism,1,7
Knee,1,7
Serial_communication,1,7
Collective_behavior,1,7
Mass_communication,1,7
Plus_and_minus_signs,1,7
Academic_journal,1,7
Prefabrication,1,7
Wolfgang_Amadeus_Mozart,1,7
News_media,1,7
Athletic_shoe,1,7
Speech,1,7
Crystal,1,7
Robust_statistics,1,7
Alliances_(The_Wire_episode),1,7
Optical_flow,1,7
Negative_feedback,1,7
ATM_card,1,7
Death-inducing_signaling_complex,1,7
Brain,1,7
Natural_disaster,1,7
WCW_WorldWide,1,7
Auckland,1,7
Viewpoints,1,7
Indiscernibles,1,7
Antidote,1,7
2025,1,7
Visual_search,1,7
Information_economy,1,7
Direct_current,1,7
Odometer,1,7
Waiting_staff,1,7
Sine_qua_non,1,7
Anatta,1,7
Tomato,1,7
Starbucks,1,7
Scavenger,1,7
Filling_station,1,7
Cocktail,1,7
Marimba,1,7
Electromagnetic_interference,1,7
India,1,7
Language_barrier,1,7
Cell_biology,1,7
Emotional_expression,1,7
Magnetometer,1,7
Climatology,1,7
Screensaver,1,7
Photo_sharing,1,7
Genetic_diversity,1,7
Tonne,1,7
National_academy,1,7
Open_world,1,7
Honorary_degree,1,7
Sony_Pictures_Imageworks,1,7
Litre,1,7
British_Museum,1,7
Schrems,1,6
Sabbatical,1,6
Experimental_literature,1,6
NATO,1,6
Electricity_market,1,6
Working_time,1,6
January_1,1,6
United_States_Department_of_Justice,1,6
LabVIEW,1,6
Lute,1,6
Limb_(anatomy),1,6
Ice_cream,1,6
Euclid,1,6
Connect_Four,1,6
By-product,1,6
Collective_action,1,6
Quantum_leap,1,6
Robot,1,6
Inertial_navigation_system,1,6
Dissection,1,6
Adobe_Creative_Suite,1,6
Porch,1,6
Slide_projector,1,6
Mail_order,1,6
Pornography,1,6
Tokyo,1,6
Greed,1,6
Pattern_formation,1,6
Mumbai,1,6
Overhead_projector,1,6
Fisheye_lens,1,6
Thermostat,1,6
Keyboard_shortcut,1,6
Al_Gore,1,6
Laparoscopic_surgery,1,6
Artery,1,6
Deus,1,6
Participant_observation,1,6
Cultural_identity,1,6
Peripheral_device,1,6
QNX,1,6
Caller_ID,1,6
Pediatrics,1,6
Netscape_Navigator,1,6
Self-destruct,1,6
Electrolyte,1,6
Daimler-Benz,1,6
Cultural_group,1,6
Lysis,1,6
Receiver_(radio),1,6
Online_dating_service,1,6
Proximity_sensor,1,6
Hegemony,1,6
Direct_action,1,6
Ethnic_group,1,6
Jeremy_Bentham,1,6
Editorial_board,1,6
Mercenary,1,6
Space,1,6
Signal_(electrical_engineering),1,6
Political_campaign,1,6
Nucleotide,1,6
Touch_switch,1,6
ArcGIS,1,6
Galvanic_skin_response,1,6
Government-to-citizen,1,6
Fair_trade,1,6
Henri_Matisse,1,6
Hemoglobin,1,6
Barack_Obama,1,6
Ghost,1,6
Intellectual_history,1,6
Reddit,1,6
Phototropism,1,6
Livestock,1,6
Gene_therapy,1,6
Epidemic,1,5
Dither,1,5
Taboo,1,5
Ad_infinitum,1,5
Public_opinion,1,5
Digital_imaging,1,5
Market_analysis,1,5
Research_institute,1,5
Shared_universe,1,5
Herbivory,1,5
Network_dynamics,1,5
Borg_(Star_Trek),1,5
Human_physiology,1,5
University_of_Queensland,1,5
Virus,1,5
"Donkin,_Nova_Scotia",1,5
Wire_frame_model,1,5
Jet_aircraft,1,5
Law_firm,1,5
Infectious_disease,1,5
Interactive_video,1,5
Arrow_keys,1,5
Bulletin_board_system,1,5
Runic_alphabet,1,5
Software_repository,1,5
Third_World,1,5
Box_office,1,5
Tugboat,1,5
Painting,1,5
Fetus,1,5
Speech_signal_processing,1,5
Takeover,1,5
Kindergarten,1,5
Social_reality,1,5
Information_ecology,1,5
Lizard,1,5
Frequency_spectrum,1,5
Digestion,1,5
Coupon,1,5
Heat,1,5
Home_shopping,1,5
Cultural_diversity,1,5
Immunology,1,5
Renting,1,5
Water_tank,1,5
Telephone_line,1,5
Instrumental_value,1,5
Transferability,1,5
Gambling,1,5
Megaphone,1,5
Public_speaking,1,5
Anode,1,5
Germane,1,5
Medical_technology,1,5
Onion,1,5
Editing,1,5
University_College_London,1,5
3Com,1,5
Newbie,1,5
Mind_map,1,5
Jewellery,1,5
International_relations,1,5
Bioethics,1,5
Cable_television,1,5
Corporate_title,1,5
Agnosticism,1,5
Dedicated_hosting_service,1,5
Al-Qaeda,1,5
Commodore_64,1,5
"Strati,_Crete",1,5
Crocodile_clip,1,5
Toyota,1,5
Charles_Darwin,1,5
Ghost_story,1,5
Movement_for_Multiparty_Democracy,1,5
Human_anatomy,1,5
Technological_singularity,1,5
Bagpipes,1,5
Second_language,1,4
Helpfulness,1,4
Chalkboard,1,4
Synthese,1,4
Classified_information,1,4
Astronautics,1,4
Ideogram,1,4
Color_balance,1,4
Color_chart,1,4
Drainage_basin,1,4
Dietmar_Saupe,1,4
Vaccine,1,4
Positron,1,4
Surface_structure,1,4
Chinese_character,1,4
Abstract_space,1,4
Promiscuity,1,4
Nerve,1,4
Frotteurism,1,4
Asymptote,1,4
Birth_control,1,4
Strange_Case_of_Dr_Jekyll_and_Mr_Hyde,1,4
Staphylococcus,1,4
Doom_(video_game),1,4
Technical_analysis,1,4
Queensland,1,4
Airbrush,1,4
Physiognomy,1,4
James_Yun,1,4
Magic_(illusion),1,4
November_6,1,4
European_Space_Agency,1,4
Speculation,1,4
Scapegoat,1,4
November_7,1,4
Imaging_technology,1,4
Small_print,1,4
Waste_container,1,4
Retirement,1,4
Anat,1,4
Superstructure,1,4
Loaded_language,1,4
Operating_cost,1,4
Ball_(mathematics),1,4
Square_wave,1,4
1990s,1,4
Plastic_surgery,1,4
Electronic_tagging,1,4
Sleep_mode,1,4
Casio,1,4
Glossary_of_shapes_with_metaphorical_names,1,4
Goggles,1,4
Virtual_tour,1,4
Teacup,1,4
Power_supply,1,4
Binaural_recording,1,4
Vorticity,1,4
Programmable_logic_controller,1,4
Financial_instrument,1,4
Barbarian,1,4
Industrial_production,1,4
Pharmacology,1,4
Pedophilia,1,4
Speech_balloon,1,4
Virtual_representation,1,4
Proverb,1,4
Molecular_genetics,1,4
Brand,1,4
Polity_(publisher),1,4
Limerick,1,4
Alife_(CE),1,4
Visual_impairment,1,4
Antz,1,4
Time_domain,1,4
PIC_microcontroller,1,4
Ransom,1,4
Distributed_generation,1,4
Progress_bar,1,4
Behringer,1,4
Ringtone,1,4
Fictional_character,1,4
Urban_legend,1,4
Refrain,1,4
Lava,1,4
Photograph_album,1,4
SourceForge.net,1,4
Community_network,1,4
29th_century,1,4
GameStop,1,4
Game_controller,1,4
Stephen_Wolfram,1,4
Fox_News_Channel,1,4
Napoleon_I_of_France,1,4
Toll_road,1,4
Search_warrant,1,4
UNESCO,1,4
Automat,1,4
Pasta,1,4
Disinfectant,1,4
Complex_dynamics,1,4
Purgatory,1,4
Bog,1,4
Lettuce,1,4
Brazil,1,4
Technical_terminology,1,4
Guinness_World_Records,1,4
Snow,1,4
Elevator,1,4
Sovereignty,1,4
Shanghai,1,4
Tongue,1,4
Psychophysiology,1,4
Final_examination,1,4
Social_exclusion,1,4
Piet_Mondrian,1,4
Perfusion,1,4
Grey_goo,1,4
Composer,1,4
Stamen,1,4
Royal_Society_for_the_Protection_of_Birds,1,4
Fish,1,3
Yellow_Pages,1,3
Spermatozoon,1,3
Metatheory,1,3
Reactionary,1,3
Cuboid,1,3
Bogner,1,3
Memoir,1,3
Belgrade,1,3
Electrical_telegraph,1,3
Original_position,1,3
WEB,1,3
Arid,1,3
Amateur_radio,1,3
Prophecy,1,3
Western_world,1,3
Enhanced_Graphics_Adapter,1,3
Suction,1,3
Kyoto,1,3
Workbench,1,3
Congruence_(geometry),1,3
Redox,1,3
Surfing,1,3
Media_circus,1,3
Chess,1,3
Equilateral_polygon,1,3
Domestic_sheep,1,3
Neologism,1,3
Formula_One,1,3
John_Dongan,1,3
Moloch,1,3
Stained_glass,1,3
Single_parent,1,3
Centripetal_force,1,3
October_14,1,3
Avon_(publishers),1,3
Environmental_impact_assessment,1,3
Conformity,1,3
Optical_phenomenon,1,3
Osaka_University,1,3
Legged_robot,1,3
Internal_energy,1,3
Thermometer,1,3
Software_patent,1,3
Book_cover,1,3
Hotel,1,3
Technological_evolution,1,3
Broker,1,3
Apathy,1,3
South_Pole,1,3
Capitalization,1,3
Reframing_(NLP),1,3
Rechargeable_battery,1,3
Vision_mixer,1,3
Panasonic,1,3
Interjection,1,3
Mural,1,3
Soft_drink,1,3
Macintosh_SE,1,3
Landlord,1,3
Demon,1,3
Macintosh_Quadra,1,3
Cement,1,3
Galaxy,1,3
Nail_(anatomy),1,3
Fundraising,1,3
Appendage,1,3
Luminosity,1,3
United_States_Agency_for_International_Development,1,3
Worldbuilding,1,3
7-Eleven,1,3
Ore,1,3
Japan,1,3
Fuel_dispenser,1,3
Digital-television_radio,1,3
Etiology,1,3
Global_warming,1,3
The_Geometry_Center,1,3
Stock_trader,1,3
Crooner,1,3
Mass_society,1,3
Feces,1,3
Mixed_media,1,3
Avid_Technology,1,3
Shopping_mall,1,3
Snake,1,3
Freedom_of_information_legislation,1,3
Microsoft_Access,1,3
Personal_web_page,1,3
History_of_the_world,1,3
Jaron_Lanier,1,3
Infection,1,3
Markedness,1,3
Reticle,1,3
Pharmacy,1,3
Exploratorium,1,3
Recreation,1,3
Apsis,1,3
Mental_mapping,1,3
Unconscious_mind,1,3
Political_power,1,3
Telecommunications_Act_of_1996,1,3
Eric_Fingerhut,1,3
Uplink_(video_game),1,3
Fingerprint_recognition,1,3
Cryptogram,1,3
Birmingham,1,3
Pacific_Rim,1,3
Assistant_director,1,3
Baby_transport,1,3
Polymerase_chain_reaction,1,3
Juggernaut,1,3
Multi-Criteria_Decision_Analysis,1,3
Bodily_fluid,1,3
Political_agenda,1,3
Sit-in,1,3
Freethought,1,3
Voice-tracking,1,3
Archive,1,3
Strategic_thinking,1,3
Conductive_ink,1,3
Bristol,1,3
Action_potential,1,3
Prologue,1,3
Background_check,1,3
Straitjacket,1,3
Rear-view_mirror,1,3
Doorbell,1,3
Hunger,1,3
LucasArts,1,3
Embedded_operating_system,1,3
Real-estate_developer,1,3
Signal_processor,1,3
Fact_sheet,1,3
Morbidity,1,3
Persistent_world,1,3
Skeletal_animation,1,3
Duct_tape,1,3
Lawrence_Lessig,1,3
Multiple-camera_setup,1,3
Espresso,1,3
Image_based_lighting,1,3
Java_3D,1,3
Coffin,1,3
Neal_Stephenson,1,3
Toothbrush,1,3
Genre_fiction,1,3
Cholera,1,3
Roleplaying,1,3
Cornucopia,1,3
Fact_checker,1,3
Drupal,1,3
Age_of_Aquarius,1,3
Ding_(vessel),1,3
Sociocultural_evolution,1,3
Pseudoscience,1,3
Christmas_and_holiday_season,1,3
Professional_sports,1,3
John_Milton,1,3
Artistic_language,1,3
Arthur_Schopenhauer,1,3
Social_robot,1,3
WordPress,1,3
Indefinite_and_fictitious_numbers,1,3
Utility_pole,1,3
Commons-based_peer_production,1,3
Groupthink,1,3
Tallinn,1,3
Hail,1,3
CNC,1,3
Grippers,1,3
January_17,1,3
Mother_ship,1,3
Middle_Ages,1,3
Percussion_mallet,1,3
Korg,1,3
Electrooculography,1,3
Zinc,1,3
Wishful_thinking,1,3
Auditory_system,1,3
Polarizer,1,3
720p,1,3
Self-hosting,1,3
Negative_space,1,3
Columbia_Pictures,1,3
Rudolph_Pariser,1,3
Gentrification,1,3
Cell_culture,1,3
Deforestation,1,3
J._K._Rowling,1,3
Blue_Sky_Studios,1,3
Austerity,1,3
Urbanization,1,3
Precision_agriculture,1,3
Denis_Diderot,1,3
Shenzhen,1,3
Nozzle,1,3
Nikon,1,3
Houseplant,1,3
Music_theory,1,3
Music_technology,1,3
Precomposed_character,1,3
Scarf,1,3
Fulldome,1,3
Gamma_ray,1,2
Aorta,1,2
Spawn_(biology),1,2
Malmö,1,2
Surface_tension,1,2
Public_history,1,2
Paraboloid,1,2
Gourmet,1,2
Wine_bottle,1,2
Mickey_Mouse,1,2
Vrije_Universiteit_Brussel,1,2
Guinea_pig,1,2
Professional_wrestling_holds,1,2
Suitcase,1,2
Water_vapor,1,2
Fundamental_structure,1,2
Government_agency,1,2
Model_figure,1,2
Consumer_organization,1,2
Critic,1,2
Dynamic_range_compression,1,2
Continuous_track,1,2
Johann_Sebastian_Bach,1,2
Chromatography,1,2
Polarized_3D_glasses,1,2
Political_status_of_Taiwan,1,2
Bookmaker,1,2
Duisburg,1,2
Ball,1,2
Intelligent_network,1,2
Right-wing_politics,1,2
Coma,1,2
Materialism,1,2
Arts_and_crafts,1,2
Identity_(philosophy),1,2
Sequencing,1,2
Stream_bed,1,2
University_of_Western_Australia,1,2
Experimental_theatre,1,2
Sensory_system,1,2
Film_frame,1,2
Focus_(optics),1,2
Weft,1,2
Medical_conditions,1,2
Terra_incognita,1,2
Heuristic_function,1,2
Military_technology_and_equipment,1,2
Ho_Chi_Minh,1,2
Pantheon_Books,1,2
The_Robots_of_Death,1,2
Visual_memory,1,2
Sewing,1,2
Esperanto,1,2
Cultural_learning,1,2
New_Math,1,2
Sexual_identity,1,2
Twelfth_grade,1,2
Shutter_(photography),1,2
Winter_storm,1,2
Symmetry,1,2
The_Mechanics,1,2
Political_capital,1,2
Bi-directional_text,1,2
KONE,1,2
Cliché,1,2
Generative_grammar,1,2
Counterculture,1,2
Agency_(law),1,2
Afterimage,1,2
Reference_library,1,2
Cross-cultural_communication,1,2
Light_fixture,1,2
Pacific_Data_Images,1,2
Bioengineering,1,2
NHK,1,2
Geographic_coordinate_system,1,2
Kile,1,2
Winnowing,1,2
Scrat,1,2
Understatement,1,2
Section_X,1,2
K-Y_Jelly,1,2
Photoresistor,1,2
Filter_bank,1,2
Conversion_rate,1,2
Mirror,1,2
Space_bar,1,2
Construction_set,1,2
Cogency,1,2
Reference_work,1,2
Mohri,1,2
Interior_design,1,2
Elliptic_curve,1,2
Ferdinand_de_Saussure,1,2
Post-Fordism,1,2
April_11,1,2
Eyebrow,1,2
Stasi,1,2
The_Velvet_Underground,1,2
Hedonism,1,2
Industrial_society,1,2
Cell_signaling,1,2
Game_Boy,1,2
Optometry,1,2
Stomach,1,2
Simulated_reality,1,2
Knowledge_space,1,2
March_14,1,2
Franklin_D._Roosevelt,1,2
Arrow,1,2
Alfred_Hitchcock,1,2
Television_set,1,2
Deep_structure,1,2
Section_Eight_of_the_Canadian_Charter_of_Rights_and_Freedoms,1,2
Burnish,1,2
Caliber,1,2
EPROM,1,2
Censorship,1,2
Parasitism,1,2
Tractor,1,2
Carputer,1,2
Telephone_booth,1,2
Collateral_(finance),1,2
Scratching,1,2
Polski_Związek_Motorowy,1,2
Movie_theater,1,2
Toughness,1,2
Thunderstorm,1,2
October_2,1,2
Decency,1,2
Fundamental_interaction,1,2
Electric_motor,1,2
Geocentric_orbit,1,2
HIV,1,2
Sense_data,1,2
Invertebrate,1,2
Belo,1,2
Picnic,1,2
Urine,1,2
Claris,1,2
Stereotypy,1,2
Keychain,1,2
Culpability,1,2
Allergy,1,2
Spinach,1,2
Baruch_Spinoza,1,2
Remittances,1,2
Metamorphosis,1,2
Taipei,1,2
Nail_(fastener),1,2
Netscape_Communicator,1,2
Unmanned_aerial_vehicle,1,2
Day_job,1,2
Coca-Cola,1,2
Free_software_movement,1,2
Zapatista_Army_of_National_Liberation,1,2
Orwellian,1,2
Plasmid,1,2
Motion_analysis,1,2
Sanford_(writing_products),1,2
University_of_Gothenburg,1,2
AMM_(group),1,2
Attack_model,1,2
Modern_architecture,1,2
Role_model,1,2
Atmel_AVR,1,2
Phenome,1,2
University_of_Vienna,1,2
Sound_bite,1,2
Kraków,1,2
Leather,1,2
October_6,1,2
Discernment,1,2
Co-option,1,2
Chisel,1,2
Volcano,1,2
Soil,1,2
Gated_community,1,2
Wolfram_Research,1,2
Sugar_substitute,1,2
September_9,1,2
Genetic_code,1,2
MSN_Messenger,1,2
Production_line,1,2
Comparative_anatomy,1,2
WIDE,1,2
Doorknob,1,2
Osama_bin_Laden,1,2
Melting_pot,1,2
Legwork,1,2
Arbitration,1,2
Monty_Python,1,2
Wales,1,2
Damp_(mining),1,2
Exegesis,1,2
Public_property,1,2
Core_temperature,1,2
Body_modification,1,2
Precinct,1,2
Running_text,1,2
Ticker_tape,1,2
Home_improvement,1,2
Car_battery,1,2
Neural_pathway,1,2
Termite,1,2
South_by_Southwest,1,2
Bruce_Sterling,1,2
Microbial_ecology,1,2
Microbial_population_biology,1,2
Furniture,1,2
Christopher_Marlowe,1,2
Space_suit,1,2
RadioShack,1,2
Mount_Fuji,1,2
Urinary_system,1,2
Folk_music,1,2
Vestigiality,1,2
Transparency_(humanities),1,2
Bird_migration,1,2
Blender,1,2
Epinephrine,1,2
June_9,1,2
Abductive_reasoning,1,2
Wii_Remote,1,2
Pumpkin,1,2
Mac_Pro,1,2
Chain_store,1,2
Suspect,1,2
Ludwig_van_Beethoven,1,2
Vitamin,1,2
Greasemonkey,1,2
September_23,1,2
Pig,1,2
Parliament_of_the_United_Kingdom,1,2
Dynamical_systems_theory,1,2
Stress_(biological),1,2
Rhyme,1,2
Visual_thinking,1,2
Backronym,1,2
Hangover,1,2
Sunrise,1,2
Marine_chronometer,1,2
Universal_Product_Code,1,2
Github,1,2
Astronomical_object,1,2
Fodder,1,2
Round_table,1,2
Breadcrumb,1,2
Propensity_probability,1,2
Senior_Officer_Present_Afloat,1,2
Deutsche_Bundesbank,1,2
Splash_screen,1,2
Perpetuity,1,2
Data_spill,1,2
Roppongi,1,2
Spectrometer,1,2
Earth,1,2
Sexual_orientation,1,2
Epicenter,1,2
Forward_kinematics,1,2
Mug_shot,1,2
Squid_(software),1,2
Parable,1,2
LED_lamp,1,2
1080p,1,2
WALL-E,1,2
Lille,1,2
Video_signal_generator,1,2
Matsuo_Bashō,1,2
Grapheme,1,2
Loon,1,2
Proscenium,1,2
Gamete,1,2
Fukushima_Prefecture,1,2
Wind_instrument,1,2
VHS,1,2
Ephemeral,1,2
Counterweight,1,2
2000s,1,2
Fountain,1,2
Snowball_effect,1,2
Ecosystem_services,1,2
Amazon_Basin,1,2
Dysprosium,1,2
Jackhammer,1,2
Greenwich_Village,1,2
Beetle,1,2
Humanized_antibody,1,1
Karl_Marx,1,1
Sysop,1,1
Flag,1,1
Perspective_distortion_(photography),1,1
Young_Sherlock_Holmes,1,1
Guessing_game,1,1
Porsche,1,1
Joseph_Cornell,1,1
NS320xx,1,1
Image_noise,1,1
Poetry,1,1
Futurism,1,1
Ternary_form,1,1
Euripides,1,1
Rail_tracks,1,1
Circulatory_system,1,1
Cuban_Link,1,1
Shock_absorber,1,1
Granite,1,1
Superpower,1,1
Hiroshima_University,1,1
Walter_Benjamin,1,1
Radio_control,1,1
Internets,1,1
Russian_Academy_of_Sciences,1,1
Repeal,1,1
Homicide,1,1
Mulch,1,1
Central_Europe,1,1
Hilt,1,1
University_of_Westminster,1,1
Vídeo_Show,1,1
Switcher,1,1
"Whitelaw,_Wisconsin",1,1
Feminism,1,1
Albedo,1,1
Geologic_time_scale,1,1
Film_format,1,1
Jodie_Foster,1,1
Obscenity,1,1
Leiden_University,1,1
Nikolai_Lobachevsky,1,1
Chessboard,1,1
Flowering_plant,1,1
Chassis,1,1
Vietnam_War,1,1
Remote_camera,1,1
Robert_De_Niro,1,1
Loa,1,1
Abiogenesis,1,1
Mahr,1,1
Source_field,1,1
Object_(philosophy),1,1
Ostrich,1,1
Incest,1,1
Graphic_designer,1,1
Dassault_Aviation,1,1
Community_centre,1,1
Hydrogen,1,1
Delle,1,1
Dance_company,1,1
Slit-scan_photography,1,1
Dark_field_microscopy,1,1
Visual_culture,1,1
Trivial_topology,1,1
ZetaLisp,1,1
Humour,1,1
Copyright_symbol,1,1
Cult_following,1,1
Point_of_divergence,1,1
Software_portability,1,1
Cocaine,1,1
Luggage,1,1
"Vienna,_Virginia",1,1
Triangular_function,1,1
Sawdust,1,1
Norton_Utilities,1,1
Parabolic_reflector,1,1
Light_beam,1,1
Charlie_Kaufman,1,1
Central_nervous_system,1,1
Patina,1,1
Spasticity,1,1
Eyelash,1,1
Science_museum,1,1
Green_politics,1,1
Question_mark,1,1
Styrofoam,1,1
Upholstery,1,1
Chuck_Jones,1,1
Job_hunting,1,1
Shannan_Prefecture,1,1
Basket,1,1
Fiber-optic_communication,1,1
Tank_(Taiwanese_singer),1,1
Radioactive_decay,1,1
Barbecue,1,1
Masturbation,1,1
Big_band,1,1
Productive_forces,1,1
Anomie,1,1
Clown,1,1
Slowness_(novel),1,1
Fireplace,1,1
Explosive_material,1,1
Clavicle,1,1
Comparator,1,1
Ruled_surface,1,1
Bristle,1,1
Iterated_function_system,1,1
Snoopy,1,1
CorelDRAW,1,1
Real_Robot,1,1
The_Blind_Watchmaker,1,1
Shred_guitar,1,1
Visual_rhetoric,1,1
Scaffolding,1,1
Conservation_area,1,1
Brand_equity,1,1
Paul_Simon,1,1
Howard_Rheingold,1,1
Lingo_(programming_language),1,1
Roger_Shepard,1,1
Xinhua_News_Agency,1,1
Wiesbaden,1,1
Vanity,1,1
WALK-FM,1,1
Psychologies,1,1
Cultural_system,1,1
Codependence,1,1
Hunter-gatherer,1,1
Conditional_access,1,1
The_Gates,1,1
Square_rig,1,1
List_of_open_source_software_packages,1,1
Puppeteer,1,1
Domestic_technology,1,1
Distributed_operations,1,1
Propaganda,1,1
Anti-gravity,1,1
Dodecahedron,1,1
World_Geodetic_System,1,1
Parcel_post,1,1
Toy_store,1,1
"Victoria,_British_Columbia",1,1
Holy_Spirit,1,1
Online_gambling,1,1
Black_eye,1,1
Garden_strawberry,1,1
Engineering_physics,1,1
Seduction,1,1
Toxin,1,1
MacPaint,1,1
Evaporation,1,1
Prostitution,1,1
Walkman,1,1
March_19,1,1
Asse,1,1
Student_newspaper,1,1
Car_handling,1,1
Moths,1,1
Hermit_crab,1,1
Virgil,1,1
Instant_film,1,1
Cremation,1,1
Cigar,1,1
Mobile_radio,1,1
Incandescence,1,1
Farce,1,1
Glassblowing,1,1
Urbanism,1,1
Internet_friendship,1,1
Organizational_structure,1,1
E_number,1,1
University_of_Texas_at_Dallas,1,1
June_7,1,1
Birch,1,1
AppleScript,1,1
Zoo,1,1
Parenting,1,1
Pulse,1,1
Feminist_theory,1,1
Donna_Haraway,1,1
North_Pole,1,1
Cinema_of_Brazil,1,1
Thailand,1,1
Audio_bit_depth,1,1
Igor_Stravinsky,1,1
Subatomic_particle,1,1
Academy_Award,1,1
Blood_proteins,1,1
April_17,1,1
Dissident,1,1
Eastern_world,1,1
Guatemala,1,1
Naturalization,1,1
Equalization,1,1
Rolling_Stone,1,1
David_Bowie,1,1
Rat,1,1
Masquerade_ball,1,1
Excretion,1,1
Middlesex_University,1,1
Metal_leaf,1,1
Conceptualism,1,1
Finding_aid,1,1
Crossfire,1,1
Real_Presence,1,1
Image_viewer,1,1
Suffrage,1,1
Active_citizenship,1,1
Global_Information_Network,1,1
University_of_Stirling,1,1
Social_partners,1,1
Rhodes_University,1,1
Styrene,1,1
Tissot,1,1
Scribe,1,1
Fast_moving_consumer_goods,1,1
Shuffling,1,1
UCL_Institute_for_Cultural_Heritage,1,1
Online_pharmacy,1,1
Biopsy,1,1
Miniature_figure_(gaming),1,1
Hiroshima,1,1
Belo_Horizonte,1,1
GSM_Association,1,1
Golden_Circle_(slavery),1,1
Live_television,1,1
Standard_time,1,1
Child,1,1
Performing_arts,1,1
Antique,1,1
Surfboard,1,1
Youth_subculture,1,1
Lipstick,1,1
CD-R,1,1
Phase_modulation,1,1
Inherent_risk,1,1
Atari_8-bit_family,1,1
Medical_journal,1,1
Nicotine,1,1
Cubicle,1,1
Immigration_policy,1,1
Role,1,1
Pixelization,1,1
Rodent,1,1
Minotaur,1,1
Olive_oil,1,1
Amusement_ride,1,1
Sheet_music,1,1
Eurocentrism,1,1
Convenience_store,1,1
Christmas_tree,1,1
Sniff,1,1
Trumpet,1,1
Laconic_phrase,1,1
Macrocosm_and_microcosm,1,1
Cupid,1,1
Carcinogen,1,1
Gut_flora,1,1
Hoax,1,1
Peristalsis,1,1
Comparative_literature,1,1
Bharatiya_Janata_Party,1,1
Isser_District,1,1
RealVideo,1,1
Toast,1,1
Life_simulation_game,1,1
Sports_science,1,1
Nokia_7650,1,1
Arkanoid,1,1
Japanese_garden,1,1
Nottingham,1,1
Coopetition,1,1
Larry_Sanger,1,1
Rubik's_Cube,1,1
"American_Society_of_Composers,_Authors_and_Publishers",1,1
Bank_robbery,1,1
Ironclad_warship,1,1
Edgar_Allen,1,1
Telephone_keypad,1,1
Abrasive,1,1
Bible,1,1
Good_governance,1,1
Kolkata,1,1
Script_kiddie,1,1
List_of_agricultural_machinery,1,1
Figurine,1,1
Powered_speakers,1,1
Video_hosting_service,1,1
Sociolect,1,1
Mercury_(element),1,1
Toad,1,1
Amazon_Rainforest,1,1
Cyanobacteria,1,1
Station_identification,1,1
Proles,1,1
Windows_Live,1,1
Traditional_pop_music,1,1
Grateful_Dead,1,1
Fern,1,1
Wireless_community_network,1,1
IMovie,1,1
Weaving,1,1
Bogeyman,1,1
Blockbuster_(entertainment),1,1
Rebus,1,1
Solubility,1,1
Screencast,1,1
Sound_object,1,1
Stereo_8,1,1
James_Stewart_(actor),1,1
Parallel_postulate,1,1
Attitude_(psychology),1,1
Political_party,1,1
Garden,1,1
Acceptable_use_policy,1,1
Lego_Mindstorms_NXT,1,1
Moby,1,1
Waterline,1,1
12th_century,1,1
Effluent,1,1
Doodle,1,1
Radio_telescope,1,1
Proving_ground,1,1
Muon,1,1
Law_of_Life,1,1
ITunes_Store,1,1
Tsunami,1,1
List_of_town_tramway_systems_in_Africa_and_Asia,1,1
Mousetrap,1,1
Non-commercial,1,1
Almanac,1,1
Machinima,1,1
Volkswagen,1,1
Fortune-telling,1,1
Nuclear_fission,1,1
Laundry,1,1
Exposure_(photography),1,1
Linux_Journal,1,1
Evil_twin,1,1
Trafalgar_Square,1,1
Model_(person),1,1
Web_mapping,1,1
Coordinated_Universal_Time,1,1
Wind_turbine,1,1
In-joke,1,1
Kabbalah,1,1
Prescription_drug,1,1
Mockumentary,1,1
Animal_husbandry,1,1
Patent_troll,1,1
Roomba,1,1
Cricket_(insect),1,1
Academic_art,1,1
Ontogeny,1,1
Science_fiction_film,1,1
Fictional_country,1,1
New_York_metropolitan_area,1,1
Public_Data_Network,1,1
Candle,1,1
Polygraph,1,1
Borealis,1,1
Quicksand,1,1
Corrections_officer,1,1
Gold_mining,1,1
I_Ching,1,1
Chatterbox_(puppet),1,1
Cryogenics,1,1
Gong,1,1
Barbed_wire,1,1
Lust,1,1
Thirst,1,1
National_Center_for_Education_Statistics,1,1
Additive_manufacturing,1,1
Swimsuit,1,1
Yukio_Ozaki,1,1
Polymer_clay,1,1
Anthrax,1,1
Karaoke,1,1
Pitch_detection_algorithm,1,1
Chord_(music),1,1
Pizzicato,1,1
Monaural,1,1
Charging_station,1,1
Previsualization,1,1
Arpeggio,1,1
Camera_obscura,1,1
Sun,1,1
Mixed-use_development,1,1
Gothic_architecture,1,1
Art,1,1
Open_publishing,1,1
Meryl_Streep,1,1
Dresden,1,1
Mecca,1,1
Open_letter,1,1
Subsurface_scattering,1,1
Image_Metrics,1,1
Harold_Eugene_Edgerton,1,1
Electro-optic_modulator,1,1
Radioactive_waste,1,1
William_Thurston,1,1
International_Working_Union_of_Socialist_Parties,1,1
Württemberg,1,1
Handicraft,1,1
Cognitive_neuroscience,1,1
Buzzer,1,1
Afrikaans,1,1
Musical_scale,1,1
Nikola_Tesla,1,1
Collaboration_platform,1,1
Hip_hop_culture,1,1
May_3,1,1
Tablets_of_stone,1,1
Baluster,1,1
Robotics_Institute,1,1
School_holiday,1,1
Heinz_von_Foerster,1,1
Margaret_Mead,1,1
Eli_Pariser,1,1
Sierra_Entertainment,1,1
Energy_harvesting,1,1
Parkour,1,1
James_Clark_McReynolds,1,1
Audio_filter,1,1
STEIM,1,1
PlayStation_3,1,1
Jarek,1,1
Cel-shaded_animation,1,1
Chameleon,1,1
Brad_Bird,1,1
Photochemistry,1,1
Dennis_Muren,1,1
Satellite_link,1,1
Mathematician,1,1
Urban_climate,1,1
Semantic_search,1,1
SpongeBob_SquarePants_(season_3),1,1
Wiese,1,1
Moth,1,1
Doseone,1,1
University_of_Antwerp,1,1
Dude,1,1
Marine_biology,1,1
Speciation,1,1
Terrestrial_planet,1,1
Tourism,1,1
Domestic_robot,1,1
Videography,1,1
Exhalation,1,1
Polyvinyl_chloride,1,1
Broad_Institute,1,1
Periodic_table,1,1
Chromium,1,1
Biofilm,1,1
Low_pressure_area,1,1
Canon_(company),1,1
Dendrochronology,1,1
Sarcophagus,1,1
Collection_(museum),1,1
Private_university,1,1
Receptor_(biochemistry),1,1
Multi-storey_car_park,1,1
Mattress,1,1
Gale,1,1
Music_cognition,1,1
Resonator,1,1
Jazz,1,1
Tonality,1,1
Scar,1,1
March_13,1,1
Ultraviolet,1,1
John_Knoll,1,1
Oculus,1,1
WIFI,1,1
Bookbinding,1,1
Surreal_humour,1,1
Robotic_arm,1,1
Kazuma_Station,1,1
Steve_Lacy,1,1
Oxytocin,1,1
Working_class,1,1
Civilian_casualties,1,1
Necrosis,1,1
Petrochemical,1,1
Buddhism,1,1
DIY_ethic,1,1
Lambda-CDM_model,1,1
7756_Scientia,1,1
Apollo_8,1,1
Architectural_engineering,1,1
Human_trafficking,1,1
Neutrino_detector,1,1
Neutrino,1,1
Darth_Vader,1,1
Media_studies,1,1
Helium,1,1
Physical_universe,1,1
Ed_Harris,1,1
September_19,1,1
Tap_water,1,1
Small_talk,1,1
Water_cycle,1,1
Critical_vocabulary,1,1
Ronaldo,1,1
Cadence_(music),1,1
Nobel_Prize_in_Physics,1,1
Ableton_Live,1,1
Edo_period,1,1
Aerial_photography,1,1
Jogging,1,1
Fighting_game,1,1
Social_evolution,1,1
Archaea,1,1
Water_pollution,1,1
Ecological_footprint,1,1
William_Shakespeare,1,1
Mathematical_puzzle,1,1
Neurogenesis,1,1
Biological_process,1,1
Neuromodulation,1,1
Sensationalism,1,1
Lottery,1,1
Indigenous_(ecology),1,1
Bioacoustics,1,1
Queensland_University_of_Technology,1,1
Europium,1,1
Shaving,1,1
Electromagnetic_spectrum,1,1
Soybean,1,1
Minesweeper_(ship),1,1
Sowing,1,1
Paraplegia,1,1
Canon_EOS_5D,1,1
